2.100000000000000087e-04,1.932570000000000121e-02
7.950000000000000122e-02,9.613800000000000470e-03
1.686400000000000121e-01,6.366690000000001237e-02
2.520699999999999608e-01,4.588136999999999910e-01
3.350500000000000145e-01,5.731002000000000596e-01
4.179600000000000537e-01,8.037332999999999839e-01
5.018399999999999528e-01,8.520966000000000928e-01
5.856700000000000239e-01,8.949662999999999924e-01
6.685200000000000031e-01,1.197310500000000166e+00
7.516000000000000458e-01,1.525160700000000036e+00
8.353500000000000369e-01,1.492199100000000112e+00
9.186400000000000121e-01,1.766290499999999986e+00
1.001239999999999908e+00,2.057549400000000084e+00
1.085089999999999888e+00,2.074128300000000369e+00
1.168910000000000116e+00,2.098947599999999802e+00
1.252079999999999860e+00,2.000945700000000382e+00
1.335210000000000008e+00,2.264736599999999989e+00
1.418439999999999923e+00,2.429937000000000236e+00
1.501810000000000089e+00,2.688921000000000117e+00
1.584720000000000129e+00,2.407275900000000135e+00
1.668529999999999847e+00,2.718547199999999719e+00
1.751990000000000158e+00,2.387950199999999690e+00
1.835209999999999786e+00,2.768283900000000131e+00
1.918779999999999930e+00,3.050027099999999880e+00
2.002099999999999991e+00,2.897874000000000283e+00
2.085020000000000095e+00,3.167845199999999917e+00
2.167920000000000069e+00,3.250347300000000494e+00
2.251829999999999998e+00,3.067587000000000064e+00
2.335320000000000285e+00,3.244951800000000386e+00
2.418420000000000236e+00,3.404756700000000080e+00
2.501970000000000027e+00,3.664329300000000345e+00
2.585529999999999884e+00,3.972951900000000425e+00
2.668620000000000214e+00,4.068991800000000936e+00
2.751340000000000341e+00,4.111665300000000300e+00
2.835109999999999797e+00,4.126085999999999920e+00
2.918809999999999683e+00,4.525058699999999767e+00
3.002040000000000042e+00,4.098912300000000286e+00
3.085290000000000088e+00,4.508577899999999694e+00
3.168649999999999967e+00,4.974062399999999329e+00
3.252070000000000238e+00,4.717432800000000093e+00
3.334940000000000015e+00,5.021640899999999519e+00
3.418180000000000440e+00,5.297007600000000593e+00
3.501889999999999947e+00,4.982400900000000021e+00
3.585399999999999920e+00,5.275425600000000159e+00
3.668559999999999821e+00,5.310447299999999871e+00
3.751889999999999947e+00,5.676850800000000419e+00
3.835269999999999513e+00,5.431110300000001168e+00
3.918209999999999749e+00,6.014118600000000647e+00
4.001750000000000362e+00,5.966540100000000457e+00
4.085499999999999687e+00,5.997735900000000342e+00
4.168590000000000018e+00,6.425255700000000125e+00
4.251890000000000391e+00,6.446347199999999944e+00
4.335380000000000678e+00,6.061697100000000837e+00
4.418639999999999901e+00,6.201783899999999683e+00
4.501319999999999766e+00,6.539640300000001183e+00
4.584980000000000722e+00,6.508444500000000410e+00
4.668930000000000469e+00,6.707783700000000238e+00
4.751719999999999722e+00,6.821972100000000871e+00
4.834990000000000343e+00,6.594085800000000219e+00
4.918819999999999304e+00,6.579861300000001023e+00
5.001999999999999780e+00,7.053782400000000230e+00
5.084600000000000009e+00,7.056823500000001026e+00
5.168219999999999814e+00,7.307567100000000870e+00
5.252169999999999561e+00,7.217707500000000387e+00
5.335219999999999629e+00,7.453147500000000925e+00
5.418580000000000396e+00,7.448536800000001179e+00
5.502180000000000071e+00,7.791003899999999760e+00
5.585449999999999804e+00,8.084911500000000473e+00
5.668090000000000295e+00,7.924125600000000880e+00
5.751719999999999722e+00,8.335949400000000509e+00
5.835369999999999280e+00,8.773475399999998814e+00
5.918239999999999945e+00,8.391964500000000271e+00
6.001949999999999896e+00,8.791329600000000966e+00
6.085659999999999847e+00,8.600132700000001407e+00
6.168490000000000251e+00,8.961925499999999545e+00
6.251360000000000028e+00,9.266722200000002019e+00
6.335210000000000008e+00,9.292620600000001119e+00
6.418619999999999770e+00,9.491371200000001451e+00
6.501580000000000581e+00,9.436239000000000487e+00
6.585350000000000037e+00,9.566515799999999459e+00
6.669019999999999726e+00,9.489507299999999645e+00
6.752150000000000318e+00,9.599771700000001573e+00
6.834939999999999571e+00,9.985991400000001406e+00
6.918470000000000120e+00,9.705523499999999970e+00
7.001960000000000406e+00,1.033660079999999937e+01
7.084999999999999964e+00,1.049307029999999941e+01
7.168449999999999989e+00,1.017149850000000022e+01
7.251980000000000537e+00,1.018140660000000075e+01
7.335399999999999920e+00,1.044451079999999976e+01
7.418330000000000091e+00,1.111816350000000142e+01
7.501610000000000333e+00,1.070918460000000216e+01
7.585049999999999848e+00,1.107961020000000119e+01
7.668499999999999872e+00,1.103369940000000149e+01
7.751920000000000144e+00,1.105999020000000144e+01
7.835319999999999396e+00,1.123392149999999923e+01
7.918630000000000280e+00,1.133937899999999921e+01
8.001829999999999998e+00,1.173874409999999990e+01
8.085269999999999513e+00,1.177170570000000005e+01
8.168720000000000425e+00,1.203373080000000073e+01
8.251510000000001455e+00,1.172245949999999937e+01
8.335160000000000124e+00,1.243495979999999967e+01
8.418779999999999930e+00,1.261330560000000034e+01
8.502100000000000435e+00,1.226004750000000065e+01
8.584830000000000183e+00,1.266098220000000119e+01
8.668319999999999581e+00,1.267059600000000152e+01
8.752029999999999532e+00,1.335700170000000320e+01
8.834949999999999193e+00,1.303974629999999912e+01
8.918280000000001095e+00,1.348217729999999825e+01
9.002039999999999154e+00,1.334228670000000250e+01
9.085560000000000969e+00,1.377245520000000134e+01
9.168330000000000979e+00,1.385407440000000001e+01
9.251760000000000872e+00,1.394354159999999965e+01
9.335469999999999047e+00,1.429670160000000045e+01
9.418400000000000105e+00,1.398180059999999969e+01
9.501789999999999736e+00,1.424490480000000048e+01
9.585399999999999920e+00,1.406067300000000131e+01
9.668720000000000425e+00,1.478160990000000119e+01
9.751749999999999474e+00,1.504628370000000182e+01
9.835239999999998872e+00,1.481780879999999989e+01
9.918510000000001270e+00,1.506413790000000041e+01
1.000125000000000064e+01,1.543495590000000206e+01
1.008520000000000039e+01,1.547919900000000126e+01
1.016893999999999920e+01,1.497977190000000114e+01
1.025189999999999912e+01,1.535451389999999883e+01
1.033500000000000085e+01,1.624761630000000068e+01
1.041890000000000072e+01,1.562654520000000247e+01
1.050196000000000041e+01,1.609183349999999990e+01
1.058464999999999989e+01,1.608378929999999940e+01
1.066846999999999923e+01,1.619886059999999972e+01
1.075225000000000009e+01,1.664138970000000128e+01
1.083541000000000132e+01,1.657124820000000298e+01
1.091851999999999911e+01,1.657262159999999795e+01
1.100193999999999939e+01,1.701711270000000198e+01
1.108510000000000062e+01,1.656810899999999975e+01
1.116806000000000054e+01,1.702535310000000024e+01
1.125176000000000087e+01,1.712757330000000167e+01
1.133528999999999876e+01,1.777797630000000240e+01
1.141861999999999888e+01,1.728904590000000141e+01
1.150188999999999950e+01,1.786047840000000164e+01
1.158539999999999992e+01,1.781584290000000337e+01
1.166844999999999999e+01,1.802626740000000183e+01
1.175153999999999854e+01,1.821638520000000128e+01
1.183521000000000001e+01,1.837766159999999971e+01
1.191861999999999888e+01,1.883196270000000183e+01
1.200189999999999912e+01,1.859142149999999916e+01
1.208525999999999989e+01,1.849901129999999938e+01
1.216887000000000008e+01,1.848439440000000289e+01
1.225188999999999950e+01,1.887885449999999921e+01
1.233464000000000027e+01,1.889700300000000155e+01
1.241836999999999946e+01,1.908143100000000203e+01
1.250197999999999965e+01,1.921543559999999928e+01
1.258525999999999989e+01,1.964736990000000105e+01
1.266844999999999999e+01,1.925683379999999900e+01
1.275197999999999965e+01,1.963491120000000123e+01
1.283541000000000132e+01,1.966012290000000107e+01
1.291825000000000045e+01,1.996845120000000051e+01
1.300164000000000009e+01,1.947912840000000045e+01
1.308521000000000001e+01,1.994696730000000073e+01
1.316883999999999943e+01,2.027187450000000268e+01
1.325184999999999924e+01,2.007940230000000170e+01
1.333537000000000106e+01,2.039665770000000222e+01
1.341874999999999929e+01,2.074334309999999704e+01
1.350145999999999979e+01,2.077758000000000038e+01
1.358501000000000047e+01,2.086400610000000100e+01
1.366863999999999990e+01,2.098182420000000192e+01
1.375193999999999939e+01,2.100046320000000222e+01
1.383517999999999937e+01,2.128544370000000185e+01
1.391892000000000174e+01,2.121942240000000268e+01
1.400192000000000192e+01,2.134234170000000219e+01
1.408466000000000129e+01,2.194889400000000279e+01
1.416842000000000112e+01,2.162428110000000103e+01
1.425223999999999869e+01,2.231814240000000282e+01
1.433512999999999948e+01,2.217834990000000062e+01
1.441844999999999999e+01,2.223671940000000191e+01
1.450236000000000125e+01,2.253670920000000066e+01
1.458539000000000030e+01,2.254750020000000177e+01
1.466782999999999859e+01,2.229361740000000225e+01
1.475166000000000111e+01,2.275223490000000126e+01
1.483536000000000143e+01,2.303564579999999751e+01
1.491862000000000066e+01,2.268807749999999857e+01
1.500182999999999822e+01,2.296815300000000093e+01
1.508532000000000117e+01,2.311343909999999724e+01
1.516861000000000104e+01,2.316239099999999951e+01
1.525147000000000119e+01,2.318819129999999973e+01
1.533517000000000152e+01,2.339331840000000184e+01
1.541849999999999987e+01,2.363160329999999831e+01
1.550173999999999985e+01,2.348229510000000175e+01
1.558541000000000132e+01,2.330443980000000082e+01
1.566898999999999909e+01,2.399869349999999812e+01
1.575192000000000192e+01,2.338213500000000167e+01
1.583474000000000004e+01,2.393129880000000043e+01
1.591849000000000025e+01,2.393041589999999985e+01
1.600183999999999784e+01,2.417419440000000463e+01
1.608491000000000071e+01,2.468372580000000127e+01
1.616854999999999976e+01,2.460730590000000362e+01
1.625225000000000009e+01,2.513890980000000042e+01
1.633537999999999712e+01,2.466832409999999953e+01
1.641807000000000016e+01,2.482744230000000130e+01
1.650182999999999822e+01,2.501108550000000008e+01
1.658531999999999940e+01,2.495134260000000026e+01
1.666848999999999847e+01,2.516804550000000162e+01
1.675185000000000102e+01,2.542124160000000188e+01
1.683537000000000106e+01,2.558761920000000245e+01
1.691890000000000072e+01,2.568856410000000068e+01
1.700178000000000011e+01,2.551335750000000147e+01
1.708491000000000071e+01,2.595647520000000341e+01
1.716839999999999833e+01,2.581785990000000197e+01
1.725185000000000102e+01,2.627579070000000172e+01
1.733520000000000039e+01,2.629894230000000022e+01
1.741862000000000066e+01,2.634063480000000368e+01
1.750211000000000183e+01,2.634583410000000114e+01
1.758498999999999768e+01,2.638752660000000105e+01
1.766857000000000255e+01,2.642666850000000167e+01
1.775195000000000078e+01,2.686115340000000273e+01
1.783502000000000010e+01,2.678797080000000008e+01
1.791848999999999847e+01,2.703635999999999839e+01
1.800221000000000160e+01,2.695326929999999876e+01
1.808546000000000120e+01,2.712396330000000333e+01
1.816815000000000069e+01,2.712778920000000227e+01
1.825176000000000087e+01,2.753284410000000193e+01
1.833536000000000143e+01,2.733321060000000102e+01
1.841825000000000045e+01,2.786177340000000413e+01
1.850167000000000073e+01,2.768784209999999746e+01
1.858546000000000120e+01,2.785510259999999860e+01
1.866862000000000066e+01,2.819894310000000104e+01
1.875150999999999968e+01,2.834530829999999924e+01
1.883512999999999948e+01,2.884689360000000136e+01
1.891870000000000118e+01,2.829743550000000241e+01
1.900169999999999959e+01,2.885542829999999981e+01
1.908521000000000001e+01,2.862361800000000400e+01
1.916875999999999891e+01,2.907056159999999778e+01
1.925211000000000183e+01,2.896942050000000179e+01
1.933511000000000024e+01,2.894381639999999933e+01
1.941875999999999891e+01,2.928559680000000043e+01
1.950170999999999921e+01,2.950494840000000352e+01
1.958477000000000245e+01,2.955105540000000275e+01
1.966855999999999938e+01,2.983897890000000075e+01
1.975218999999999880e+01,2.984584590000000404e+01
1.983511999999999986e+01,3.011630760000000251e+01
1.991822000000000159e+01,3.019429710000000000e+01
2.000206999999999979e+01,3.008766240000000280e+01
2.008521000000000001e+01,3.043464210000000136e+01
2.016808999999999941e+01,3.067675290000000032e+01
2.025187999999999988e+01,3.059994060000000005e+01
2.033557000000000059e+01,3.043680030000000158e+01
2.041868999999999801e+01,3.047466690000000256e+01
2.050187000000000026e+01,3.098096100000000419e+01
2.058543999999999841e+01,3.094240770000000396e+01
2.066855999999999938e+01,3.079741590000000429e+01
2.075150999999999968e+01,3.098292300000000310e+01
2.083500000000000085e+01,3.129223229999999845e+01
2.091861000000000104e+01,3.168924300000000471e+01
2.100198999999999927e+01,3.164460750000000289e+01
2.108527999999999736e+01,3.183168420000000509e+01
2.116860000000000142e+01,3.195058140000000435e+01
2.125170999999999921e+01,3.203779229999999956e+01
2.133494999999999919e+01,3.253457070000000328e+01
2.141838999999999871e+01,3.238594919999999888e+01
2.150192000000000192e+01,3.307245300000000299e+01
2.158532999999999902e+01,3.256027290000000107e+01
2.166858999999999824e+01,3.318163830000000303e+01
2.175227999999999895e+01,3.301349490000000486e+01
2.183524999999999849e+01,3.335017410000000382e+01
2.191818999999999917e+01,3.387461669999999714e+01
2.200169999999999959e+01,3.379427280000000877e+01
2.208543999999999841e+01,3.353450400000000542e+01
2.216863000000000028e+01,3.396300480000000732e+01
2.225147000000000119e+01,3.427182360000000472e+01
2.233537000000000106e+01,3.452335200000000270e+01
2.241872000000000043e+01,3.410436690000000226e+01
2.250156000000000134e+01,3.412280969999999769e+01
2.258483999999999980e+01,3.504877559999999903e+01
2.266874999999999929e+01,3.471709950000000333e+01
2.275191000000000230e+01,3.460457880000000586e+01
2.283511999999999986e+01,3.536524620000000141e+01
2.291883999999999943e+01,3.515393880000000593e+01
2.300221000000000160e+01,3.502425060000000201e+01
2.308483000000000018e+01,3.542528340000000497e+01
2.316844999999999999e+01,3.507173099999999977e+01
2.325196000000000041e+01,3.550072230000000673e+01
2.333520000000000039e+01,3.571242209999999773e+01
2.341850000000000165e+01,3.575332980000000305e+01
2.350221000000000160e+01,3.576735810000000271e+01
2.358517000000000152e+01,3.613395780000000457e+01
2.366793999999999798e+01,3.613572359999999861e+01
2.375179999999999936e+01,3.659581260000000213e+01
2.383546000000000120e+01,3.630298409999999620e+01
2.391829999999999856e+01,3.655029419999999618e+01
2.400168000000000035e+01,3.666664080000000325e+01
2.408592000000000155e+01,3.682389510000000143e+01
2.416874999999999929e+01,3.720776040000000506e+01
2.425133999999999901e+01,3.726093060000000179e+01
2.433500000000000085e+01,3.753639540000000352e+01
2.441874999999999929e+01,3.736413180000000978e+01
2.450192000000000192e+01,3.754679399999999845e+01
2.458520000000000039e+01,3.744015930000000481e+01
2.466891000000000034e+01,3.807516059999999669e+01
2.475196000000000041e+01,3.820004190000000222e+01
2.483481000000000094e+01,3.805406909999999954e+01
2.491835999999999984e+01,3.863511540000000366e+01
2.500168999999999997e+01,3.835297980000000706e+01
2.508510000000000062e+01,3.874282920000000274e+01
2.516863999999999990e+01,3.889056780000000657e+01
2.525224000000000046e+01,3.882562560000000218e+01
2.533529000000000053e+01,3.885711570000000137e+01
2.541821000000000197e+01,3.896404469999999520e+01
2.550185000000000102e+01,3.937508370000000468e+01
2.558514999999999873e+01,3.895639290000000443e+01
2.566845999999999961e+01,3.959894790000000597e+01
2.575192000000000192e+01,3.924431640000000243e+01
2.583552999999999855e+01,3.964789980000000469e+01
2.591875999999999891e+01,3.965094090000000904e+01
2.600143999999999878e+01,4.046183550000000650e+01
2.608511000000000024e+01,3.984900480000000300e+01
2.616847999999999885e+01,3.989834909999999724e+01
2.625184000000000140e+01,4.017459869999999711e+01
2.633492999999999995e+01,4.031605890000000869e+01
2.641872000000000043e+01,4.059888120000000100e+01
2.650233000000000061e+01,4.059760590000000491e+01
2.658507999999999782e+01,4.074534450000000163e+01
2.666819000000000273e+01,4.067029800000000250e+01
2.675185000000000102e+01,4.096194930000000056e+01
2.683521999999999963e+01,4.137975720000000024e+01
2.691849000000000203e+01,4.137818759999999685e+01
2.700207999999999942e+01,4.151798010000000261e+01
2.708554000000000173e+01,4.153191030000000694e+01
2.716827999999999932e+01,4.169563919999999513e+01
2.725175000000000125e+01,4.175665740000000170e+01
2.733524000000000242e+01,4.196168640000000494e+01
2.741834000000000060e+01,4.175754030000000228e+01
2.750179000000000329e+01,4.250820149999999842e+01
2.758545000000000158e+01,4.232553930000000975e+01
2.766874999999999929e+01,4.243374360000000678e+01
2.775150000000000006e+01,4.278768840000000750e+01
2.783520999999999646e+01,4.287686130000000162e+01
2.791867999999999839e+01,4.306423230000000046e+01
2.800157000000000096e+01,4.295691090000000401e+01
2.808504000000000289e+01,4.315212989999999849e+01
2.816904999999999859e+01,4.344054390000000154e+01
2.825214000000000070e+01,4.332861180000000445e+01
2.833485999999999905e+01,4.354070399999999808e+01
2.841844000000000392e+01,4.363144650000000269e+01
2.850194000000000116e+01,4.397254019999999741e+01
2.858492999999999995e+01,4.370963220000000149e+01
2.866847999999999885e+01,4.380037469999999900e+01
2.875205999999999662e+01,4.378830839999999824e+01
2.883534000000000219e+01,4.401737190000000766e+01
2.891839000000000226e+01,4.403404890000000194e+01
2.900190999999999875e+01,4.448226780000000957e+01
2.908511999999999986e+01,4.433040900000000306e+01
2.916815000000000069e+01,4.436719649999999859e+01
2.925212000000000145e+01,4.478392529999999994e+01
2.933555000000000135e+01,4.421474909999999880e+01
2.941844999999999999e+01,4.510019969999999745e+01
2.950169999999999959e+01,4.543413209999999935e+01
2.958544000000000196e+01,4.551663419999999860e+01
2.966842999999999719e+01,4.553380169999999794e+01
2.975144000000000233e+01,4.557559230000000383e+01
2.983530000000000015e+01,4.588460730000000609e+01
2.991870999999999725e+01,4.592924280000000437e+01
3.000199000000000282e+01,4.585409820000000281e+01
3.008514000000000266e+01,4.627887119999999754e+01
3.016874999999999929e+01,4.657788000000000750e+01
3.025185999999999709e+01,4.673797919999999806e+01
3.033497999999999806e+01,4.644554310000000186e+01
3.041840999999999795e+01,4.743576449999999767e+01
3.050199000000000282e+01,4.705229160000000377e+01
3.058547000000000082e+01,4.735424340000000143e+01
3.066867999999999839e+01,4.704532650000000160e+01
3.075179999999999936e+01,4.714450560000000223e+01
3.083510000000000062e+01,4.740829650000000584e+01
3.091839000000000226e+01,4.759792380000000378e+01
3.100172999999999845e+01,4.752199440000000408e+01
3.108520000000000039e+01,4.791360960000000091e+01
3.116850000000000165e+01,4.834819260000000440e+01
3.125187000000000026e+01,4.830983550000000548e+01
3.133542999999999878e+01,4.870714050000000128e+01
3.141862000000000066e+01,4.853674080000000401e+01
3.150144999999999840e+01,4.892040990000000278e+01
3.158505999999999858e+01,4.894483680000000447e+01
3.166877999999999815e+01,4.938864120000000213e+01
3.175197000000000003e+01,4.919862150000000156e+01
3.183502999999999972e+01,4.914672660000000093e+01
3.191879000000000133e+01,4.869870390000000526e+01
3.200214000000000425e+01,4.930339230000000583e+01
3.208479000000000525e+01,4.967891909999999456e+01
3.216816000000000031e+01,4.991298570000000012e+01
3.225209000000000259e+01,4.997076660000000459e+01
3.233520000000000039e+01,5.014136250000000672e+01
3.241832999999999743e+01,5.064314399999999949e+01
3.250210999999999473e+01,5.029587000000000074e+01
3.258530999999999977e+01,5.117504220000000004e+01
3.266830999999999818e+01,5.119132680000000590e+01
3.275177999999999656e+01,5.090418809999999894e+01
3.283543000000000234e+01,5.112128340000000293e+01
3.291861000000000104e+01,5.144874120000000062e+01
3.300174000000000518e+01,5.160658409999999918e+01
3.308564000000000505e+01,5.189166270000000480e+01
3.316861000000000104e+01,5.199918029999999902e+01
3.325135000000000218e+01,5.205911940000000726e+01
3.333529999999999660e+01,5.209090380000000664e+01
3.341881000000000057e+01,5.231074590000000768e+01
3.350146999999999764e+01,5.228896770000000060e+01
3.358502000000000010e+01,5.248212660000000085e+01
3.366914000000000584e+01,5.267685509999999738e+01
3.375195999999999685e+01,5.271531030000000584e+01
3.383462000000000103e+01,5.276534130000000289e+01
3.391850999999999772e+01,5.290523190000000398e+01
3.400202999999999776e+01,5.282822339999999883e+01
3.408515999999999480e+01,5.337307080000000781e+01
3.416852000000000089e+01,5.354091990000000578e+01
3.425229999999999819e+01,5.342319990000000729e+01
3.433537000000000461e+01,5.334648570000000234e+01
3.441828999999999894e+01,5.360958990000000313e+01
3.450173000000000201e+01,5.359870080000000314e+01
3.458507999999999782e+01,5.420888280000000492e+01
3.466846999999999923e+01,5.420378160000000634e+01
3.475182999999999822e+01,5.403710969999999492e+01
3.483549000000000007e+01,5.427294210000000163e+01
3.491859000000000179e+01,5.486517180000000593e+01
3.500168000000000035e+01,5.478139440000000349e+01
3.508502000000000010e+01,5.485143780000000646e+01
3.516839999999999833e+01,5.502144509999999400e+01
3.525175000000000125e+01,5.505411240000000817e+01
3.533522999999999570e+01,5.521931280000001152e+01
3.541902000000000328e+01,5.541109830000000613e+01
3.550227000000000288e+01,5.565320909999999799e+01
3.558487000000000222e+01,5.618157569999999623e+01
3.566843000000000075e+01,5.591768669999999730e+01
3.575186000000000064e+01,5.605669440000000492e+01
3.583509000000000100e+01,5.630537790000000342e+01
3.591823000000000121e+01,5.616686070000000086e+01
3.600209999999999866e+01,5.674035330000000954e+01
3.608556000000000097e+01,5.643280980000000113e+01
3.616819000000000273e+01,5.673593879999999956e+01
3.625162999999999869e+01,5.677665030000000002e+01
3.633519000000000432e+01,5.687347500000000622e+01
3.641852000000000089e+01,5.719946130000000295e+01
3.650164999999999793e+01,5.710607010000000372e+01
3.658540999999999599e+01,5.739811380000000440e+01
3.666890000000000072e+01,5.716022130000000345e+01
3.675174000000000518e+01,5.758774110000000235e+01
3.683520999999999646e+01,5.755723200000000617e+01
3.691859999999999786e+01,5.798906820000000550e+01
3.700182000000000215e+01,5.751730530000000385e+01
3.708498000000000161e+01,5.778011520000000445e+01
3.716890000000000072e+01,5.765484150000000341e+01
3.725207999999999942e+01,5.798857769999999334e+01
3.733478000000000208e+01,5.791902480000000963e+01
3.741855999999999938e+01,5.824628640000000956e+01
3.750206000000000017e+01,5.836361399999999833e+01
3.758472000000000435e+01,5.857600049999999925e+01
3.766826999999999970e+01,5.882291820000000371e+01
3.775245000000000317e+01,5.916263849999999991e+01
3.783547000000000082e+01,5.910289559999999653e+01
3.791816000000000031e+01,5.870402099999999734e+01
3.800198999999999927e+01,5.899037490000000616e+01
3.808529999999999660e+01,5.932038330000001025e+01
3.816834999999999667e+01,5.948362170000000049e+01
3.825186000000000064e+01,5.967491669999999715e+01
3.833543000000000234e+01,5.976438390000000567e+01
3.841875000000000284e+01,5.994439740000000683e+01
3.850170999999999566e+01,5.990888520000000028e+01
3.858525000000000205e+01,6.026283000000000101e+01
3.866819000000000273e+01,6.026753880000000407e+01
3.875142999999999915e+01,6.081474060000000037e+01
3.883523999999999887e+01,6.036848369999999875e+01
3.891872000000000043e+01,6.054094350000000446e+01
3.900198999999999927e+01,6.052102920000000097e+01
3.908518000000000114e+01,6.069191940000000329e+01
3.916875000000000284e+01,6.096522600000000125e+01
3.925169999999999959e+01,6.077206710000000101e+01
3.933489000000000146e+01,6.105920580000000797e+01
3.941855000000000331e+01,6.089694840000000653e+01
3.950215999999999639e+01,6.122940930000000037e+01
3.958539999999999992e+01,6.142619790000000535e+01
3.966840999999999440e+01,6.109805339999999774e+01
3.975187999999999988e+01,6.156814860000000778e+01
3.983518000000000114e+01,6.139872990000000641e+01
3.991821999999999804e+01,6.118585290000000754e+01
4.000166000000000111e+01,6.180035130000000265e+01
4.008525000000000205e+01,6.176062080000000520e+01
4.016879000000000133e+01,6.219402660000000083e+01
4.025191999999999837e+01,6.233833170000000479e+01
4.033525000000000205e+01,6.248253869999999921e+01
4.041844000000000392e+01,6.276055410000000734e+01
4.050184999999999746e+01,6.208739190000000718e+01
4.058511000000000024e+01,6.246556740000000474e+01
4.066857000000000255e+01,6.240180240000000111e+01
4.075209000000000259e+01,6.250725990000000110e+01
4.083523999999999887e+01,6.270885540000000447e+01
4.091879000000000133e+01,6.257592990000000555e+01
4.100182000000000215e+01,6.281274330000000816e+01
4.108492000000000388e+01,6.297686459999999897e+01
4.116832000000000136e+01,6.331246469999999960e+01
4.125209000000000259e+01,6.339320100000000480e+01
4.133519000000000432e+01,6.333031890000000175e+01
4.141830000000000211e+01,6.375136410000000353e+01
4.150210999999999473e+01,6.329323709999999892e+01
4.158552999999999855e+01,6.341576400000001001e+01
4.166810999999999865e+01,6.324271560000000392e+01
4.175167000000000428e+01,6.394207049999999981e+01
4.183560999999999552e+01,6.343920990000000870e+01
4.191850999999999772e+01,6.348207960000000583e+01
4.200162999999999869e+01,6.421684860000000583e+01
4.208550999999999931e+01,6.412345740000000660e+01
4.216866999999999877e+01,6.417270360000000551e+01
4.225148000000000081e+01,6.399573120000000159e+01
4.233505000000000251e+01,6.440863410000000044e+01
4.241861000000000104e+01,6.431004360000001441e+01
4.250175999999999732e+01,6.450016139999999609e+01
4.258507999999999782e+01,6.444659880000000385e+01
4.266895000000000238e+01,6.430768919999999866e+01
4.275178999999999974e+01,6.407097390000001269e+01
4.283479000000000525e+01,6.426776250000000346e+01
4.291859999999999786e+01,6.440314050000000634e+01
4.300215000000000032e+01,6.505717319999999404e+01
4.308495999999999526e+01,6.490825739999999655e+01
4.316849000000000558e+01,6.474786389999999869e+01
4.325234000000000378e+01,6.492807360000000472e+01
4.333511000000000024e+01,6.485901119999999764e+01
4.341816000000000031e+01,6.508817279999999528e+01
4.350186000000000064e+01,6.533930880000001196e+01
4.358544000000000551e+01,6.511897620000000586e+01
4.366839999999999833e+01,6.512201730000001021e+01
4.375166000000000111e+01,6.526759769999999605e+01
4.383554000000000173e+01,6.508836900000000014e+01
4.391870000000000118e+01,6.523326269999999738e+01
4.400162000000000262e+01,6.601286340000000052e+01
4.408514999999999873e+01,6.543642780000000414e+01
4.416852999999999696e+01,6.578360370000000046e+01
4.425182999999999822e+01,6.545800979999999925e+01
4.433537000000000461e+01,6.582294180000000949e+01
4.441879999999999740e+01,6.617090250000001106e+01
4.450189999999999912e+01,6.596685449999999662e+01
4.458516999999999797e+01,6.598951560000000427e+01
4.466844000000000392e+01,6.651994229999999675e+01
4.475170999999999566e+01,6.639702300000000434e+01
4.483507000000000176e+01,6.662863710000000594e+01
4.491837000000000302e+01,6.683160600000000784e+01
4.500225999999999971e+01,6.709667220000000043e+01
4.508532999999999902e+01,6.663619080000000849e+01
4.516837000000000302e+01,6.728688810000001297e+01
4.525167000000000428e+01,6.745718970000000070e+01
4.533532000000000295e+01,6.743246849999999881e+01
4.541842000000000468e+01,6.741765540000000101e+01
4.550157999999999703e+01,6.828064110000001108e+01
4.558557000000000414e+01,6.800066369999998983e+01
4.566901000000000010e+01,6.850941030000001319e+01
4.573899000000000115e+01,6.863919660000000533e+01
0.000000000000000000e+00,1.994373000000000118e-01
7.956000000000000572e-02,2.350475999999999954e-01
1.683300000000000074e-01,2.325950999999999991e-01
2.518199999999999883e-01,5.035472999999999200e-01
3.346100000000000185e-01,6.404949000000000892e-01
4.174100000000000588e-01,6.722793000000000241e-01
5.013800000000000479e-01,9.775665000000001159e-01
5.852399999999999824e-01,1.203883200000000153e+00
6.682299999999999907e-01,1.260486900000000299e+00
7.511899999999999133e-01,1.198880100000000004e+00
8.351299999999999280e-01,1.615216500000000055e+00
9.182600000000000762e-01,1.788166800000000167e+00
1.000829999999999886e+00,1.716455700000000251e+00
1.084710000000000063e+00,1.942968599999999935e+00
1.168479999999999963e+00,1.931785200000000202e+00
1.251679999999999904e+00,2.046660300000000099e+00
1.334740000000000038e+00,2.517638400000000498e+00
1.418170000000000153e+00,2.422187099999999926e+00
1.501470000000000082e+00,2.221376400000000029e+00
1.584349999999999925e+00,2.168794800000000578e+00
1.668150000000000022e+00,2.409336000000000144e+00
1.751579999999999915e+00,2.574830700000000139e+00
1.834890000000000132e+00,2.832735600000000353e+00
1.918309999999999960e+00,2.652427800000000335e+00
2.001870000000000260e+00,2.674304099999999629e+00
2.084600000000000009e+00,3.167845199999999917e+00
2.167619999999999880e+00,2.991265199999999957e+00
2.251609999999999889e+00,3.127035600000000137e+00
2.334849999999999870e+00,3.353842800000000235e+00
2.418109999999999982e+00,3.263296500000000044e+00
2.501479999999999926e+00,3.754090800000000172e+00
2.585199999999999942e+00,3.979818900000000159e+00
2.668229999999999880e+00,4.017489300000000263e+00
2.750879999999999992e+00,4.264112700000000089e+00
2.834759999999999724e+00,3.863178000000000001e+00
2.918400000000000105e+00,4.207508999999999943e+00
3.001640000000000086e+00,4.395076200000000100e+00
3.084900000000000198e+00,4.220262000000000846e+00
3.168340000000000156e+00,4.628946600000000799e+00
3.251689999999999969e+00,5.070690899999999779e+00
3.334569999999999812e+00,4.863013200000000147e+00
3.417819999999999858e+00,5.372740800000000760e+00
3.501500000000000057e+00,5.135731200000000385e+00
3.585080000000000489e+00,5.474764800000000875e+00
3.668149999999999800e+00,5.184290700000000029e+00
3.751540000000000319e+00,5.683717800000000153e+00
3.834880000000000511e+00,5.835969000000000406e+00
3.917839999999999989e+00,5.718641400000000097e+00
4.001380000000000159e+00,5.746599899999999650e+00
4.085069999999999979e+00,5.847348600000001007e+00
4.168210000000000193e+00,5.698138499999999773e+00
4.251509999999999678e+00,6.131936700000000684e+00
4.335049999999999848e+00,6.380522100000001195e+00
4.418280000000000207e+00,6.342851699999999759e+00
4.500969999999999693e+00,6.464299500000000975e+00
4.584620000000000140e+00,6.688065600000000721e+00
4.668490000000000251e+00,6.751928699999999672e+00
4.751350000000000406e+00,6.672663899999999870e+00
4.834579999999999878e+00,6.750359100000000723e+00
4.918470000000000120e+00,6.507757800000000259e+00
5.001609999999999445e+00,6.770862000000001046e+00
5.084230000000000693e+00,7.010814600000000674e+00
5.167849999999999611e+00,7.232520600000000854e+00
5.251739999999999853e+00,7.345924199999999793e+00
5.334819999999999673e+00,7.599807000000001089e+00
5.418190000000000062e+00,7.668869400000000169e+00
5.501800000000000246e+00,7.826418000000000319e+00
5.585090000000000110e+00,7.967976300000000123e+00
5.667810000000000237e+00,8.142496200000001849e+00
5.751380000000000159e+00,8.187622199999999850e+00
5.834950000000000081e+00,8.303380200000001210e+00
5.917860000000000120e+00,8.460536400000000512e+00
6.001540000000000319e+00,8.426986200000001759e+00
6.085309999999999775e+00,8.595816299999999188e+00
6.168130000000000557e+00,8.662131900000000329e+00
6.251000000000000334e+00,8.702156700000001521e+00
6.334869999999999557e+00,8.850287700000000868e+00
6.418210000000000193e+00,9.324306899999999843e+00
6.501209999999999489e+00,9.678546000000000760e+00
6.584910000000000707e+00,9.510402600000000817e+00
6.668630000000000280e+00,9.254557799999998835e+00
6.751760000000000872e+00,9.383363100000000401e+00
6.834550000000000125e+00,9.714254399999999734e+00
6.918149999999999800e+00,1.007261370000000156e+01
7.001570000000000071e+00,1.020897270000000034e+01
7.084630000000000649e+00,1.030736700000000106e+01
7.168069999999999276e+00,1.075568400000000047e+01
7.251619999999999955e+00,1.019268809999999981e+01
7.335010000000000474e+00,1.073557349999999921e+01
7.417960000000000775e+00,1.045373220000000103e+01
7.501319999999999766e+00,1.074499110000000002e+01
7.584670000000000023e+00,1.093108679999999922e+01
7.668130000000000557e+00,1.090381499999999981e+01
7.751500000000000057e+00,1.135262249999999895e+01
7.834950000000000081e+00,1.120194090000000209e+01
7.918260000000000964e+00,1.146416220000000052e+01
8.001450000000000173e+00,1.134173340000000074e+01
8.084920000000000329e+00,1.155588570000000281e+01
8.168300000000000338e+00,1.221227280000000093e+01
8.251150000000000873e+00,1.152576900000000037e+01
8.334749999999999659e+00,1.222482959999999963e+01
8.418400000000000105e+00,1.217116890000000140e+01
8.501699999999999591e+00,1.216901070000000296e+01
8.584480000000000999e+00,1.229703120000000105e+01
8.667989999999999640e+00,1.265097600000000178e+01
8.751630000000000464e+00,1.291300110000000068e+01
8.834589999999998611e+00,1.325939220000000063e+01
8.917860000000001008e+00,1.348992720000000212e+01
9.001689999999999969e+00,1.347256350000000147e+01
9.085180000000001144e+00,1.359450180000000152e+01
9.168020000000000280e+00,1.420311420000000169e+01
9.251459999999999795e+00,1.374645870000000158e+01
9.335039999999999338e+00,1.352632230000000035e+01
9.417970000000000397e+00,1.403693280000000065e+01
9.501409999999999911e+00,1.406871720000000181e+01
9.585039999999999338e+00,1.423342710000000189e+01
9.668350000000000222e+00,1.445503500000000052e+01
9.751430000000000931e+00,1.450692990000000115e+01
9.834910000000000707e+00,1.473687630000000048e+01
9.918079999999999785e+00,1.476581580000000038e+01
1.000084999999999980e+01,1.501430310000000112e+01
1.008479999999999954e+01,1.511995680000000064e+01
1.016854000000000013e+01,1.510406460000000095e+01
1.025148000000000081e+01,1.535019750000000194e+01
1.033466000000000129e+01,1.539002610000000182e+01
1.041856000000000115e+01,1.544672790000000084e+01
1.050156000000000134e+01,1.549813229999999997e+01
1.058422999999999981e+01,1.585060560000000152e+01
1.066807999999999979e+01,1.589180760000000170e+01
1.075186000000000064e+01,1.635591870000000014e+01
1.083502999999999972e+01,1.629862830000000073e+01
1.091815000000000069e+01,1.677784680000000250e+01
1.100161999999999907e+01,1.670486040000000116e+01
1.108482000000000056e+01,1.665620279999999909e+01
1.116769999999999996e+01,1.664168400000000148e+01
1.125135000000000041e+01,1.721007540000000446e+01
1.133489999999999931e+01,1.748907180000000139e+01
1.141818999999999917e+01,1.741863600000000289e+01
1.150153999999999854e+01,1.767977820000000122e+01
1.158507999999999960e+01,1.782477000000000089e+01
1.166812999999999967e+01,1.819166400000000294e+01
1.175117999999999974e+01,1.817812620000000123e+01
1.183476999999999890e+01,1.868079059999999814e+01
1.191823999999999906e+01,1.810180440000000246e+01
1.200145999999999979e+01,1.828956780000000037e+01
1.208488000000000007e+01,1.862457930000000061e+01
1.216849999999999987e+01,1.876221359999999905e+01
1.225153999999999854e+01,1.867009769999999946e+01
1.233426000000000045e+01,1.910193390000000235e+01
1.241798999999999964e+01,1.929411179999999959e+01
1.250163000000000046e+01,1.927772909999999840e+01
1.258483999999999980e+01,1.944106559999999817e+01
1.266807999999999979e+01,1.929371940000000407e+01
1.275161000000000122e+01,1.934904780000000102e+01
1.283511999999999986e+01,1.952631450000000157e+01
1.291788999999999987e+01,1.971790380000000198e+01
1.300121000000000038e+01,1.996825499999999920e+01
1.308488999999999969e+01,1.997786880000000309e+01
1.316840000000000011e+01,1.983062070000000077e+01
1.325147000000000119e+01,2.018603700000000245e+01
1.333502999999999972e+01,2.025294119999999864e+01
1.341840000000000011e+01,2.045718540000000019e+01
1.350104999999999933e+01,2.089598670000000169e+01
1.358461000000000141e+01,2.085812010000000072e+01
1.366822000000000159e+01,2.093287230000000321e+01
1.375154999999999994e+01,2.099869740000000107e+01
1.383481000000000094e+01,2.130771239999999977e+01
1.391857000000000077e+01,2.093895450000000125e+01
1.400159999999999982e+01,2.155904460000000000e+01
1.408427999999999969e+01,2.146545720000000301e+01
1.416802999999999813e+01,2.213960039999999907e+01
1.425184999999999924e+01,2.180272500000000235e+01
1.433472999999999864e+01,2.201138370000000322e+01
1.441810000000000080e+01,2.213557829999999882e+01
1.450202000000000169e+01,2.218815990000000227e+01
1.458506000000000036e+01,2.208368340000000529e+01
1.466753999999999891e+01,2.215176480000000225e+01
1.475127000000000166e+01,2.234619899999999859e+01
1.483501000000000047e+01,2.261685690000000548e+01
1.491816000000000031e+01,2.246509620000000140e+01
1.500145999999999979e+01,2.278588320000000067e+01
1.508500000000000085e+01,2.302828830000000337e+01
1.516825000000000045e+01,2.287015109999999751e+01
1.525111000000000061e+01,2.291115690000000171e+01
1.533477000000000068e+01,2.275478550000000055e+01
1.541811000000000043e+01,2.292822629999999862e+01
1.550131000000000014e+01,2.309901840000000561e+01
1.558502999999999972e+01,2.363081850000000372e+01
1.566861000000000104e+01,2.363317290000000170e+01
1.575156000000000134e+01,2.361963509999999999e+01
1.583442000000000149e+01,2.363199570000000094e+01
1.591808999999999941e+01,2.380788899999999941e+01
1.600140000000000029e+01,2.362316670000000229e+01
1.608454000000000050e+01,2.414809980000000067e+01
1.616816999999999993e+01,2.448036450000000031e+01
1.625189999999999912e+01,2.438049870000000041e+01
1.633507000000000176e+01,2.433527459999999820e+01
1.641779000000000011e+01,2.443062779999999989e+01
1.650142999999999915e+01,2.476318680000000327e+01
1.658491000000000071e+01,2.494889009999999985e+01
1.666807999999999979e+01,2.471551020000000420e+01
1.675143999999999878e+01,2.521886130000000037e+01
1.683497999999999806e+01,2.489228640000000325e+01
1.691855999999999938e+01,2.523132000000000019e+01
1.700146000000000157e+01,2.536856190000000311e+01
1.708449999999999847e+01,2.586465360000000047e+01
1.716798999999999964e+01,2.571475680000000352e+01
1.725149000000000044e+01,2.567914649999999810e+01
1.733478999999999814e+01,2.574359820000000454e+01
1.741826999999999970e+01,2.594460510000000042e+01
1.750175000000000125e+01,2.616415290000000127e+01
1.758462999999999710e+01,2.581030619999999942e+01
1.766812999999999789e+01,2.619063990000000430e+01
1.775150999999999968e+01,2.630541690000000443e+01
1.783462999999999710e+01,2.684133720000000167e+01
1.791812999999999789e+01,2.636986859999999666e+01
1.800182999999999822e+01,2.650612950000000367e+01
1.808507999999999782e+01,2.695091490000000078e+01
1.816778000000000048e+01,2.682161909999999949e+01
1.825146000000000157e+01,2.696121540000000394e+01
1.833502000000000010e+01,2.690618130000000008e+01
1.841785000000000139e+01,2.724070229999999881e+01
1.850126000000000204e+01,2.760995070000000240e+01
1.858507999999999782e+01,2.793407309999999910e+01
1.866825000000000045e+01,2.789296920000000313e+01
1.875119000000000113e+01,2.824387290000000306e+01
1.883477000000000245e+01,2.830165380000000397e+01
1.891831000000000174e+01,2.837513069999999971e+01
1.900124999999999886e+01,2.811477330000000308e+01
1.908484999999999943e+01,2.875448340000000158e+01
1.916835999999999984e+01,2.811604860000000272e+01
1.925175000000000125e+01,2.884630500000000097e+01
1.933475999999999928e+01,2.899492650000000182e+01
1.941838999999999871e+01,2.915787059999999897e+01
1.950133999999999901e+01,2.924773019999999946e+01
1.958432999999999780e+01,2.948248350000000073e+01
1.966822999999999766e+01,2.957195070000000214e+01
1.975178999999999974e+01,2.972076840000000431e+01
1.983475999999999928e+01,3.003527700000000067e+01
1.991793999999999798e+01,2.983623210000000014e+01
2.000176000000000087e+01,2.984025420000000040e+01
2.008474999999999966e+01,3.010365270000000137e+01
2.016769000000000034e+01,2.989881990000000300e+01
2.025150000000000006e+01,3.027728970000000075e+01
2.033510000000000062e+01,3.010257359999999949e+01
2.041832999999999743e+01,3.039334200000000052e+01
2.050152000000000285e+01,3.076828020000000308e+01
2.058511999999999986e+01,3.098380590000000367e+01
2.066816000000000031e+01,3.113252550000000340e+01
2.075112000000000023e+01,3.141730979999999818e+01
2.083464999999999989e+01,3.125132460000000023e+01
2.091817999999999955e+01,3.106159920000000341e+01
2.100159999999999982e+01,3.109407029999999850e+01
2.108492999999999995e+01,3.164666759999999712e+01
2.116824000000000083e+01,3.140004420000000351e+01
2.125133999999999901e+01,3.159840240000000477e+01
2.133457000000000292e+01,3.227176080000000269e+01
2.141802000000000206e+01,3.225439709999999849e+01
2.150149000000000044e+01,3.242038230000000709e+01
2.158497999999999806e+01,3.268741050000000570e+01
2.166821000000000197e+01,3.276706769999999835e+01
2.175191000000000230e+01,3.292334100000000063e+01
2.183497000000000199e+01,3.300290009999999796e+01
2.191779999999999973e+01,3.341688210000000225e+01
2.200131999999999977e+01,3.301771319999999577e+01
2.208501000000000047e+01,3.342698640000000410e+01
2.216821000000000197e+01,3.327512759999999759e+01
2.225113999999999947e+01,3.318938819999999623e+01
2.233497999999999806e+01,3.387030030000000380e+01
2.241837999999999909e+01,3.394397340000000440e+01
2.250113999999999947e+01,3.418569180000000074e+01
2.258445000000000036e+01,3.412398690000000556e+01
2.266832000000000136e+01,3.403039950000000147e+01
2.275152000000000285e+01,3.427800390000000164e+01
2.283468999999999838e+01,3.469855859999999836e+01
2.291847999999999885e+01,3.440543580000000645e+01
2.300182999999999822e+01,3.484757249999999829e+01
2.308442000000000149e+01,3.494851740000000717e+01
2.316809999999999903e+01,3.504504780000000608e+01
2.325156000000000134e+01,3.513382830000000467e+01
2.333483999999999980e+01,3.507496830000000188e+01
2.341808999999999941e+01,3.499040610000000129e+01
2.350187000000000026e+01,3.548983319999999964e+01
2.358485999999999905e+01,3.568240349999999950e+01
2.366751999999999967e+01,3.593579580000000107e+01
2.375141999999999953e+01,3.585270510000000144e+01
2.383503999999999934e+01,3.622470030000000207e+01
2.391788999999999987e+01,3.636773010000000284e+01
2.400127000000000166e+01,3.647740590000000793e+01
2.408558000000000021e+01,3.682006919999999894e+01
2.416839999999999833e+01,3.691718819999999823e+01
2.425093000000000032e+01,3.679142399999999924e+01
2.433467000000000269e+01,3.703225950000000211e+01
2.441834000000000060e+01,3.743103599999999886e+01
2.450150999999999968e+01,3.727142730000000626e+01
2.458480000000000132e+01,3.742358040000000585e+01
2.466860000000000142e+01,3.726357930000000351e+01
2.475162000000000262e+01,3.769786799999999971e+01
2.483442999999999756e+01,3.796038360000000011e+01
2.491797000000000040e+01,3.780450270000000046e+01
2.500131999999999977e+01,3.807908460000000161e+01
2.508471000000000117e+01,3.846353850000000563e+01
2.516825000000000045e+01,3.849414569999999713e+01
2.525187000000000026e+01,3.870035190000000114e+01
2.533492000000000033e+01,3.851612010000000197e+01
2.541795000000000115e+01,3.869799749999999960e+01
2.550144999999999840e+01,3.864796650000000255e+01
2.558473000000000042e+01,3.883671090000000703e+01
2.566803999999999775e+01,3.908264760000000138e+01
2.575150999999999968e+01,3.885534990000000732e+01
2.583517000000000152e+01,3.905194230000000033e+01
2.591842000000000112e+01,3.941501040000000700e+01
2.600110000000000099e+01,3.951860400000000340e+01
2.608472000000000079e+01,3.995308890000000446e+01
2.616808999999999941e+01,3.956755590000000211e+01
2.625141999999999953e+01,3.973609169999999580e+01
2.633450999999999809e+01,3.958178039999999953e+01
2.641835000000000022e+01,4.022502210000000389e+01
2.650195000000000078e+01,3.983262210000000181e+01
2.658474999999999966e+01,4.012711830000000646e+01
2.666777000000000086e+01,4.012692209999999449e+01
2.675150000000000006e+01,4.047399990000000258e+01
2.683484999999999943e+01,4.088758950000000425e+01
2.691805999999999699e+01,4.099677480000000429e+01
2.700172999999999845e+01,4.128460019999999275e+01
2.708520999999999646e+01,4.102463519999999875e+01
2.716795000000000115e+01,4.106348280000000273e+01
2.725137000000000143e+01,4.137230160000000723e+01
2.733483000000000018e+01,4.153426470000000137e+01
2.741795999999999722e+01,4.142105730000000818e+01
2.750135999999999825e+01,4.159871640000000781e+01
2.758510999999999669e+01,4.194314549999999997e+01
2.766840999999999795e+01,4.247111970000000269e+01
2.775114000000000303e+01,4.201171740000000199e+01
2.783480000000000132e+01,4.233407400000000820e+01
2.791827999999999932e+01,4.214317139999999995e+01
2.800117999999999796e+01,4.269763259999999860e+01
2.808464999999999989e+01,4.258226700000000164e+01
2.816867999999999839e+01,4.248475559999999973e+01
2.825174000000000163e+01,4.297192019999999957e+01
2.833449999999999847e+01,4.292934480000000264e+01
2.841809999999999903e+01,4.316125319999999732e+01
2.850154000000000210e+01,4.348822049999999706e+01
2.858455000000000013e+01,4.328819459999999708e+01
2.866809000000000296e+01,4.345908480000000651e+01
2.875170999999999921e+01,4.367765159999999725e+01
2.883494000000000312e+01,4.366303470000000431e+01
2.891800999999999888e+01,4.372679970000000083e+01
2.900164000000000186e+01,4.375613159999999624e+01
2.908470000000000155e+01,4.391358209999999929e+01
2.916777000000000086e+01,4.444204680000000707e+01
2.925169000000000352e+01,4.420248660000000740e+01
2.933514000000000266e+01,4.448678040000000067e+01
2.941809999999999903e+01,4.439201580000001002e+01
2.950134000000000256e+01,4.480982369999999548e+01
2.958512999999999948e+01,4.514061690000000482e+01
2.966802000000000206e+01,4.532622210000000251e+01
2.975107000000000212e+01,4.507577280000000286e+01
2.983484999999999943e+01,4.550397930000000457e+01
2.991829999999999856e+01,4.549721040000000016e+01
3.000159999999999982e+01,4.537556640000000385e+01
3.008474999999999966e+01,4.595053049999999928e+01
3.016839999999999833e+01,4.596387210000000323e+01
3.025144999999999840e+01,4.615644240000000309e+01
3.033460999999999785e+01,4.613868630000000337e+01
3.041804000000000130e+01,4.656238019999999977e+01
3.050159000000000376e+01,4.666273650000000117e+01
3.058510000000000062e+01,4.667342940000000340e+01
3.066830999999999818e+01,4.639178430000001185e+01
3.075152000000000285e+01,4.700736180000000530e+01
3.083470000000000155e+01,4.706661419999999652e+01
3.091807000000000016e+01,4.666862250000000500e+01
3.100134000000000256e+01,4.708829430000000826e+01
3.108479000000000170e+01,4.732706970000000268e+01
3.116812000000000182e+01,4.760675280000000242e+01
3.125150000000000006e+01,4.771584000000000003e+01
3.133507000000000176e+01,4.796148240000000840e+01
3.141819000000000273e+01,4.793058090000000249e+01
3.150109000000000137e+01,4.804015859999999805e+01
3.158464999999999989e+01,4.780422810000000311e+01
3.166842000000000112e+01,4.845718169999999958e+01
3.175158000000000058e+01,4.815503369999999705e+01
3.183462999999999710e+01,4.900771890000000042e+01
3.191847999999999885e+01,4.883869260000000168e+01
3.200173000000000201e+01,4.875471900000000147e+01
3.208444000000000074e+01,4.889931839999999852e+01
3.216779000000000366e+01,4.945485870000000261e+01
3.225175000000000125e+01,4.939707780000000525e+01
3.233479000000000525e+01,4.939364429999999828e+01
3.241794999999999760e+01,4.987404000000000082e+01
3.250175999999999732e+01,4.985922690000000301e+01
3.258500999999999692e+01,5.009604030000000563e+01
3.266790000000000305e+01,4.989915359999999822e+01
3.275133999999999901e+01,5.020787430000000029e+01
3.283505999999999858e+01,5.048579159999999888e+01
3.291819000000000273e+01,5.074300980000000294e+01
3.300135999999999825e+01,5.026261410000000751e+01
3.308529999999999660e+01,5.079196169999999455e+01
3.316819999999999879e+01,5.130541710000000677e+01
3.325101000000000084e+01,5.072898150000000328e+01
3.333489999999999753e+01,5.122585800000000233e+01
3.341847999999999530e+01,5.142127320000000168e+01
3.350104999999999933e+01,5.108577119999999638e+01
3.358462999999999710e+01,5.198652540000000499e+01
3.366875000000000284e+01,5.191373519999999786e+01
3.375157999999999703e+01,5.206706550000000533e+01
3.383426000000000045e+01,5.215800420000000059e+01
3.391814000000000107e+01,5.220931050000000084e+01
3.400167000000000428e+01,5.241757680000000619e+01
3.408474999999999966e+01,5.229877769999999515e+01
3.416810000000000258e+01,5.306748930000000541e+01
3.425198999999999927e+01,5.266086479999999881e+01
3.433502000000000010e+01,5.276406599999999969e+01
3.441792999999999836e+01,5.316235200000000560e+01
3.450133999999999901e+01,5.334619140000000215e+01
3.458469999999999800e+01,5.307622019999999452e+01
3.466807999999999623e+01,5.328321120000000377e+01
3.475144000000000233e+01,5.386670999999999765e+01
3.483512000000000342e+01,5.376782519999999721e+01
3.491821999999999804e+01,5.432277690000000092e+01
3.499792000000000058e+01,5.428922670000000039e+01
0.000000000000000000e+00,1.322388000000000174e-01
7.881000000000000505e-02,4.961898000000000142e-01
1.685699999999999976e-01,8.872164000000000161e-01
2.520100000000000118e-01,8.326727999999999907e-01
3.348499999999999810e-01,5.783976000000000672e-01
4.177100000000000257e-01,7.713602999999999987e-01
5.016199999999999548e-01,1.090087200000000145e+00
5.854699999999999349e-01,1.069682400000000255e+00
6.684799999999999631e-01,1.178082900000000155e+00
7.514399999999999968e-01,1.424313900000000244e+00
8.352799999999999114e-01,1.584118799999999938e+00
9.185100000000000486e-01,1.243711800000000034e+00
1.001090000000000035e+00,1.441775700000000215e+00
1.084960000000000147e+00,1.721556900000000168e+00
1.168729999999999825e+00,2.093355900000000158e+00
1.251910000000000078e+00,1.796112900000000012e+00
1.334979999999999833e+00,2.267483400000000149e+00
1.418339999999999934e+00,2.338311599999999935e+00
1.501710000000000100e+00,2.245803300000000391e+00
1.584589999999999943e+00,2.767989599999999939e+00
1.668379999999999974e+00,2.405313900000000338e+00
1.751829999999999998e+00,2.860890300000000330e+00
1.835180000000000033e+00,2.841957000000000289e+00
1.918540000000000134e+00,3.335988599999999860e+00
2.002040000000000042e+00,3.182069700000000001e+00
2.084870000000000001e+00,3.777929100000000151e+00
2.167829999999999924e+00,3.707100900000000365e+00
2.251729999999999787e+00,3.595070699999999952e+00
2.335159999999999680e+00,3.818542499999999951e+00
2.418359999999999843e+00,4.039659900000000192e+00
2.501790000000000180e+00,4.194265500000000202e+00
2.585359999999999658e+00,3.858665400000000467e+00
2.668490000000000251e+00,4.293836999999999904e+00
2.751129999999999853e+00,4.493862899999999883e+00
2.834990000000000343e+00,4.387816800000000406e+00
2.918660000000000032e+00,4.580485200000000034e+00
3.001889999999999947e+00,4.351225499999999968e+00
3.085139999999999993e+00,4.886557200000000378e+00
3.168499999999999872e+00,4.712233499999999964e+00
3.251909999999999634e+00,4.944141899999999978e+00
3.334740000000000038e+00,4.973277600000001186e+00
3.418050000000000033e+00,5.404525200000000140e+00
3.501799999999999802e+00,5.163002999999999787e+00
3.585339999999999971e+00,5.407272000000000745e+00
3.668400000000000105e+00,5.237068500000000348e+00
3.751730000000000231e+00,5.543827199999999955e+00
3.835100000000000176e+00,5.700100499999999570e+00
3.918080000000000229e+00,5.631724800000000641e+00
4.001630000000000464e+00,5.919746400000000186e+00
4.085329999999999906e+00,5.635452600000000700e+00
4.168490000000000251e+00,6.165879300000000285e+00
4.251759999999999984e+00,6.667856999999999701e+00
4.335239999999999760e+00,6.397101000000000148e+00
4.418490000000000251e+00,6.442521300000001006e+00
4.501170000000000115e+00,6.667562700000000397e+00
4.584850000000000314e+00,7.009833600000001219e+00
4.668759999999999799e+00,6.994333800000000601e+00
4.751640000000000086e+00,6.905945700000000187e+00
4.834819999999999673e+00,7.182195300000000948e+00
4.918660000000000032e+00,7.467077700000000817e+00
5.001859999999999751e+00,8.013690900000000283e+00
5.084430000000000227e+00,7.740972900000000045e+00
5.168109999999999538e+00,7.598629800000001211e+00
5.252049999999999663e+00,7.861832100000000878e+00
5.335099999999999731e+00,8.129743200000001835e+00
5.418440000000000367e+00,7.935112800000000632e+00
5.501999999999999780e+00,8.369205299999999070e+00
5.585350000000000037e+00,8.158094100000001347e+00
5.667980000000000018e+00,8.237751299999999333e+00
5.751599999999999824e+00,8.710495200000000438e+00
5.835180000000000256e+00,8.308187100000001379e+00
5.918109999999999538e+00,8.573645700000000147e+00
6.001819999999999489e+00,8.636625900000000300e+00
6.085490000000000066e+00,9.037364399999999520e+00
6.168350000000000222e+00,8.986548600000000775e+00
6.251219999999999999e+00,9.124477200000001176e+00
6.335090000000000110e+00,9.245042100000000929e+00
6.418459999999999610e+00,9.448207200000000583e+00
6.501490000000000435e+00,9.205311600000001704e+00
6.585169999999999746e+00,9.427017600000000996e+00
6.668870000000000076e+00,1.023555780000000048e+01
6.752019999999999911e+00,1.004102549999999994e+01
6.834760000000000169e+00,1.031080050000000092e+01
6.918360000000000731e+00,1.039006529999999984e+01
7.001780000000000115e+00,1.050945300000000060e+01
7.084889999999999688e+00,1.039281210000000044e+01
7.168310000000000848e+00,1.105685099999999998e+01
7.251860000000000639e+00,1.101329460000000005e+01
7.335260000000000780e+00,1.159649910000000084e+01
7.418169999999999931e+00,1.135242630000000119e+01
7.501549999999999940e+00,1.160307180000000038e+01
7.584939999999999571e+00,1.168194420000000022e+01
7.668369999999999465e+00,1.200714570000000059e+01
7.751780000000000115e+00,1.183547070000000190e+01
7.835210000000000896e+00,1.202186070000000129e+01
7.918530000000000513e+00,1.180476539999999908e+01
8.001660000000001105e+00,1.244084579999999995e+01
8.085119999999999862e+00,1.174296239999999969e+01
8.168530000000000513e+00,1.253394270000000077e+01
8.251389999999998892e+00,1.263341610000000159e+01
8.335000000000000853e+00,1.285335630000000151e+01
8.418649999999999523e+00,1.302915149999999933e+01
8.501950000000000784e+00,1.307829960000000113e+01
8.584680000000000533e+00,1.327253759999999971e+01
8.668150000000000688e+00,1.277173710000000106e+01
8.751889999999999503e+00,1.285531830000000042e+01
8.834860000000000824e+00,1.326419910000000257e+01
8.918110000000000426e+00,1.371330090000000013e+01
9.001950000000000784e+00,1.357792290000000079e+01
9.085469999999999047e+00,1.386133380000000059e+01
9.168210000000000193e+00,1.395492120000000114e+01
9.251660000000001105e+00,1.437057090000000059e+01
9.335239999999998872e+00,1.424333520000000242e+01
9.418239999999999057e+00,1.424539530000000020e+01
9.501640000000000086e+00,1.480103370000000318e+01
9.585259999999999891e+00,1.515105450000000253e+01
9.668649999999999523e+00,1.450722420000000135e+01
9.751619999999999067e+00,1.500988860000000003e+01
9.835079999999999600e+00,1.538031420000000082e+01
9.918309999999999960e+00,1.558907100000000057e+01
1.000108999999999959e+01,1.530928980000000017e+01
1.008506999999999998e+01,1.592869320000000144e+01
1.016882999999999981e+01,1.595753460000000068e+01
1.025177000000000049e+01,1.643636070000000160e+01
1.033488000000000007e+01,1.616609520000000089e+01
1.041877999999999993e+01,1.653043860000000009e+01
1.050179999999999936e+01,1.673811630000000150e+01
1.058450999999999986e+01,1.693431629999999899e+01
1.066833000000000098e+01,1.684661490000000228e+01
1.075210000000000043e+01,1.736546579999999906e+01
1.083528999999999876e+01,1.733132700000000170e+01
1.091833999999999882e+01,1.702299870000000226e+01
1.100183000000000000e+01,1.756117530000000215e+01
1.108502000000000010e+01,1.755793800000000005e+01
1.116793999999999976e+01,1.788981030000000061e+01
1.125158000000000058e+01,1.786057650000000052e+01
1.133515000000000050e+01,1.776022020000000268e+01
1.141843999999999859e+01,1.789844309999999794e+01
1.150176000000000087e+01,1.830271320000000301e+01
1.158528999999999876e+01,1.859073479999999989e+01
1.166833999999999882e+01,1.833783299999999983e+01
1.175141999999999953e+01,1.842013890000000131e+01
1.183502000000000010e+01,1.877447609999999756e+01
1.191848000000000063e+01,1.841219279999999969e+01
1.200174999999999947e+01,1.905347250000000159e+01
1.208506999999999998e+01,1.904925420000000358e+01
1.216871000000000080e+01,1.893506580000000028e+01
1.225173000000000023e+01,1.966336020000000318e+01
1.233450999999999986e+01,1.944351809999999858e+01
1.241825000000000045e+01,1.930186169999999990e+01
1.250188999999999950e+01,1.989781920000000071e+01
1.258510000000000062e+01,1.989909450000000035e+01
1.266830999999999996e+01,1.976793479999999903e+01
1.275183999999999962e+01,1.994804640000000262e+01
1.283530000000000015e+01,2.051565300000000036e+01
1.291815000000000069e+01,2.064730319999999963e+01
1.300145000000000017e+01,2.047170420000000135e+01
1.308512999999999948e+01,2.074775759999999991e+01
1.316867999999999839e+01,2.073686849999999993e+01
1.325171000000000099e+01,2.102214329999999975e+01
1.333523999999999887e+01,2.118714749999999825e+01
1.341857999999999862e+01,2.106707310000000177e+01
1.350127999999999950e+01,2.113319250000000338e+01
1.358483999999999980e+01,2.143759680000000145e+01
1.366849999999999987e+01,2.137706909999999638e+01
1.375181000000000076e+01,2.165223960000000147e+01
1.383502999999999972e+01,2.206867409999999907e+01
1.391881000000000057e+01,2.206788930000000093e+01
1.400177000000000049e+01,2.199921930000000003e+01
1.408452000000000126e+01,2.213773650000000259e+01
1.416823999999999906e+01,2.209359149999999872e+01
1.425208999999999904e+01,2.226448170000000104e+01
1.433500000000000085e+01,2.231264880000000161e+01
1.441835000000000022e+01,2.209486679999999836e+01
1.450220999999999982e+01,2.261999609999999805e+01
1.458525000000000027e+01,2.279451600000000155e+01
1.466774000000000022e+01,2.254534200000000155e+01
1.475145999999999979e+01,2.303692109999999715e+01
1.483527000000000129e+01,2.328383879999999806e+01
1.491842000000000112e+01,2.326137390000000593e+01
1.500168999999999997e+01,2.343756150000000105e+01
1.508522000000000141e+01,2.362964129999999940e+01
1.516847999999999885e+01,2.369546640000000437e+01
1.525133999999999901e+01,2.341715670000000316e+01
1.533502999999999972e+01,2.385330929999999938e+01
1.541842999999999897e+01,2.426307300000000211e+01
1.550157000000000096e+01,2.402184510000000017e+01
1.558525000000000027e+01,2.429034480000000329e+01
1.566882000000000197e+01,2.444936490000000262e+01
1.575177999999999834e+01,2.471276340000000360e+01
1.583461000000000141e+01,2.494781100000000151e+01
1.591830999999999996e+01,2.477054430000000096e+01
1.600168999999999997e+01,2.497086450000000468e+01
1.608480000000000132e+01,2.502972450000000038e+01
1.616841000000000150e+01,2.486452410000000057e+01
1.625211000000000183e+01,2.526418349999999791e+01
1.633530999999999977e+01,2.505503430000000264e+01
1.641802000000000206e+01,2.510516340000000213e+01
1.650163999999999831e+01,2.580177150000000097e+01
1.658519000000000077e+01,2.559173940000000158e+01
1.666832999999999743e+01,2.576439540000000505e+01
1.675167000000000073e+01,2.573251290000000324e+01
1.683524999999999849e+01,2.552532570000000334e+01
1.691877999999999815e+01,2.606399280000000118e+01
1.700165000000000148e+01,2.602102500000000163e+01
1.708470000000000155e+01,2.626254720000000020e+01
1.716832999999999743e+01,2.608704630000000080e+01
1.725173999999999808e+01,2.670792120000000480e+01
1.733504999999999896e+01,2.653261649999999960e+01
1.741850000000000165e+01,2.660256180000000370e+01
1.750202000000000169e+01,2.697543990000000136e+01
1.758483000000000018e+01,2.713495049999999864e+01
1.766835999999999984e+01,2.706059070000000233e+01
1.775180999999999898e+01,2.710620720000000361e+01
1.783493999999999957e+01,2.768872499999999803e+01
1.791837999999999909e+01,2.760818490000000480e+01
1.800207999999999942e+01,2.782841940000000491e+01
1.808530999999999977e+01,2.745357930000000124e+01
1.816799999999999926e+01,2.796536700000000053e+01
1.825162000000000262e+01,2.807003970000000237e+01
1.833523999999999887e+01,2.830675500000000255e+01
1.841812999999999789e+01,2.868218370000000306e+01
1.850149000000000044e+01,2.864137410000000017e+01
1.858530999999999977e+01,2.909057400000000015e+01
1.866850000000000165e+01,2.872446480000000335e+01
1.875140999999999991e+01,2.881873890000000671e+01
1.883493999999999957e+01,2.919220559999999764e+01
1.891858999999999824e+01,2.932091280000000211e+01
1.900150000000000006e+01,2.929354290000000560e+01
1.908510000000000062e+01,2.926430910000000196e+01
1.916862000000000066e+01,2.932591590000000181e+01
1.925199999999999889e+01,2.929138470000000538e+01
1.933498999999999768e+01,2.987694360000000060e+01
1.941853000000000051e+01,2.974038840000000405e+01
1.950159000000000020e+01,2.989391490000000573e+01
1.958462000000000103e+01,2.994993000000000194e+01
1.966842999999999719e+01,3.028288140000000439e+01
1.975206000000000017e+01,3.057355170000000300e+01
1.983497000000000199e+01,3.089218050000000204e+01
1.991818999999999917e+01,3.064987350000000177e+01
2.000188999999999950e+01,3.084254190000000051e+01
2.008506000000000213e+01,3.079800450000000112e+01
2.016792000000000229e+01,3.107278260000000003e+01
2.025176000000000087e+01,3.135992130000000344e+01
2.033539999999999992e+01,3.142103760000000179e+01
2.041857000000000255e+01,3.181029840000000419e+01
2.050172999999999845e+01,3.196745459999999994e+01
2.058530000000000015e+01,3.185140230000000372e+01
2.066837999999999909e+01,3.191693310000000139e+01
2.075136000000000180e+01,3.201866280000000131e+01
2.083488999999999791e+01,3.200090670000000159e+01
2.091842999999999719e+01,3.233699730000000017e+01
2.100183999999999784e+01,3.247482780000000702e+01
2.108514999999999873e+01,3.261795569999999600e+01
2.116844000000000037e+01,3.260029769999999871e+01
2.125156000000000134e+01,3.270487230000000523e+01
2.133477000000000245e+01,3.288557250000000209e+01
2.141828999999999894e+01,3.307539599999999780e+01
2.150176000000000087e+01,3.329994690000000190e+01
2.158521999999999963e+01,3.314220209999999867e+01
2.166850000000000165e+01,3.363348690000000119e+01
2.175208999999999904e+01,3.389237280000000396e+01
2.183519000000000077e+01,3.370284360000000135e+01
2.191802999999999813e+01,3.404982329999999990e+01
2.200158000000000058e+01,3.405776940000000508e+01
2.208526000000000167e+01,3.416930909999999955e+01
2.216847999999999885e+01,3.451373819999999881e+01
2.225137999999999749e+01,3.419746380000000130e+01
2.233516000000000190e+01,3.431626290000000523e+01
2.241860000000000142e+01,3.443123609999999957e+01
2.250140000000000029e+01,3.484737630000000053e+01
2.258472000000000079e+01,3.495106800000000646e+01
2.266860000000000142e+01,3.457760130000000487e+01
2.275179999999999936e+01,3.539114459999999696e+01
2.283498999999999768e+01,3.518552700000000044e+01
2.291868999999999801e+01,3.546599490000000543e+01
2.300204000000000093e+01,3.567190680000000214e+01
2.308464000000000027e+01,3.546609300000000076e+01
2.316835000000000022e+01,3.571516890000000188e+01
2.325183999999999784e+01,3.594962790000000297e+01
2.333509000000000100e+01,3.625707330000000184e+01
2.341837999999999909e+01,3.615926759999999973e+01
2.350205000000000055e+01,3.683429369999999636e+01
2.358507999999999782e+01,3.691905210000000181e+01
2.366775000000000162e+01,3.712388490000000019e+01
2.375167000000000073e+01,3.706708500000000583e+01
2.383532999999999902e+01,3.691022310000000317e+01
2.391815000000000069e+01,3.718421640000000394e+01
2.400157000000000096e+01,3.717489690000000735e+01
2.408579999999999899e+01,3.755356290000000286e+01
2.416864999999999952e+01,3.773426309999999972e+01
2.425113999999999947e+01,3.755218950000000433e+01
2.433488999999999791e+01,3.767304870000000250e+01
2.441863000000000028e+01,3.748410810000000026e+01
2.450173999999999808e+01,3.805132230000000249e+01
2.458507999999999782e+01,3.796882019999999613e+01
2.466878999999999778e+01,3.812205240000000117e+01
2.475185000000000102e+01,3.834395459999999645e+01
2.483458999999999861e+01,3.848139270000000067e+01
2.491822999999999766e+01,3.857959080000000540e+01
2.500160999999999945e+01,3.876558840000000572e+01
2.508495999999999881e+01,3.873782609999999949e+01
2.516854999999999976e+01,3.901309470000000346e+01
2.525209999999999866e+01,3.880208160000000106e+01
2.533513999999999911e+01,3.938038110000000103e+01
2.541811000000000220e+01,3.932309070000000162e+01
2.550170999999999921e+01,3.980691989999999691e+01
2.558501000000000047e+01,3.943953540000000402e+01
2.566828999999999894e+01,3.965623830000000538e+01
2.575178000000000011e+01,4.017773790000000389e+01
2.583537000000000106e+01,4.021020900000000609e+01
2.591863000000000028e+01,4.002430950000000109e+01
2.600129000000000090e+01,4.048018019999999950e+01
2.608497000000000199e+01,4.069246860000000510e+01
2.616836999999999946e+01,4.064400719999999723e+01
2.625167000000000073e+01,4.078291680000000241e+01
2.633480000000000132e+01,4.114147230000000377e+01
2.641857999999999862e+01,4.101345180000000568e+01
2.650216999999999956e+01,4.126233150000000194e+01
2.658494999999999919e+01,4.156035930000000178e+01
2.666800999999999888e+01,4.155211890000000352e+01
2.675175999999999732e+01,4.129225200000000484e+01
2.683509000000000100e+01,4.157330850000000311e+01
2.691835999999999629e+01,4.199768910000000233e+01
2.700195000000000078e+01,4.190106060000000099e+01
2.708544000000000196e+01,4.186613699999999483e+01
2.716812000000000182e+01,4.195069920000000252e+01
2.725159999999999982e+01,4.198601519999999709e+01
2.733507999999999782e+01,4.233750750000000806e+01
2.741820999999999842e+01,4.232014380000000386e+01
2.750164000000000186e+01,4.261885829999999942e+01
2.758532999999999902e+01,4.251398939999999982e+01
2.766867000000000232e+01,4.256951400000000518e+01
2.775131999999999977e+01,4.281839370000000145e+01
2.783499000000000123e+01,4.262337090000000472e+01
2.791857000000000255e+01,4.312995930000000300e+01
2.800144999999999840e+01,4.336167149999999992e+01
2.808492000000000033e+01,4.371561630000000775e+01
2.816891999999999996e+01,4.312260180000000531e+01
2.825202999999999776e+01,4.380832080000000417e+01
2.833465999999999596e+01,4.406916869999999875e+01
2.841827999999999932e+01,4.400785619999999909e+01
2.850179999999999936e+01,4.407544710000000521e+01
2.858480999999999739e+01,4.424162850000000446e+01
2.866835000000000022e+01,4.418502480000000077e+01
2.875194000000000116e+01,4.420425240000000855e+01
2.883524000000000242e+01,4.482257669999999905e+01
2.891822999999999766e+01,4.488143669999999474e+01
2.900182000000000215e+01,4.477607730000000430e+01
2.908499000000000123e+01,4.509951300000000174e+01
2.916799999999999926e+01,4.506017490000000691e+01
2.925194000000000116e+01,4.562581949999999864e+01
2.933542000000000272e+01,4.589785080000000050e+01
2.941835999999999629e+01,4.573009980000001207e+01
2.950152999999999892e+01,4.571616959999999352e+01
2.958530000000000015e+01,4.596789419999999637e+01
2.966826999999999970e+01,4.611004110000000367e+01
2.975131999999999977e+01,4.643779320000000155e+01
2.983510999999999669e+01,4.632164280000000645e+01
2.991854000000000369e+01,4.646349540000000644e+01
3.000189000000000306e+01,4.646820420000000240e+01
3.008495999999999881e+01,4.681626300000000640e+01
3.016857999999999862e+01,4.654285830000000601e+01
3.025172000000000239e+01,4.709810430000000281e+01
3.033484999999999943e+01,4.676966550000000211e+01
3.041830999999999818e+01,4.735218330000000009e+01
3.050185999999999709e+01,4.744822320000000104e+01
3.058534000000000219e+01,4.715637569999999812e+01
3.066854000000000369e+01,4.749236820000000137e+01
3.075169999999999959e+01,4.757830380000000758e+01
3.083492999999999995e+01,4.773575430000000352e+01
3.091826999999999970e+01,4.835976840000000010e+01
3.100157000000000096e+01,4.771554570000000695e+01
3.108500999999999692e+01,4.859285400000000266e+01
3.116842000000000112e+01,4.832023410000000041e+01
3.125174000000000163e+01,4.887989460000000008e+01
3.133530000000000015e+01,4.895327340000000760e+01
3.141840999999999795e+01,4.943661210000000494e+01
3.150132999999999939e+01,4.969422270000000452e+01
3.158492999999999995e+01,4.881505049999999812e+01
3.166864999999999952e+01,4.979173410000000644e+01
3.175184000000000140e+01,4.969324170000000152e+01
3.183485999999999905e+01,5.020561800000000119e+01
3.191867999999999839e+01,5.018001390000000583e+01
3.200193000000000154e+01,4.991445720000000108e+01
3.208469000000000193e+01,5.043801690000000093e+01
3.216805000000000092e+01,5.020179209999999870e+01
3.225195999999999685e+01,5.068169730000000328e+01
3.233509000000000100e+01,5.070445650000000626e+01
3.241817000000000348e+01,5.063578650000000181e+01
3.250197999999999610e+01,5.092773210000000006e+01
3.258520999999999646e+01,5.098433580000000376e+01
3.266814000000000107e+01,5.105418300000000187e+01
3.275157999999999703e+01,5.110127100000000411e+01
3.283527999999999736e+01,5.127618330000000668e+01
3.291850000000000165e+01,5.148258570000000134e+01
3.300160999999999945e+01,5.165014049999999912e+01
3.308547999999999689e+01,5.115355830000000026e+01
3.316842000000000468e+01,5.157882180000000716e+01
3.325122000000000355e+01,5.198770259999999865e+01
3.333511000000000024e+01,5.212170719999999591e+01
3.341870000000000118e+01,5.156302769999999924e+01
3.350132999999999583e+01,5.272776900000000211e+01
3.358485999999999905e+01,5.312438730000000220e+01
3.366899000000000086e+01,5.293476000000000425e+01
3.375178999999999974e+01,5.310839700000000363e+01
3.383449999999999847e+01,5.293220940000000496e+01
3.391839000000000226e+01,5.340004830000000169e+01
3.400193000000000154e+01,5.363156430000000796e+01
3.408505000000000251e+01,5.347244609999999909e+01
3.416834999999999667e+01,5.320630080000000106e+01
3.425220999999999805e+01,5.372456310000000457e+01
3.433519000000000432e+01,5.393508570000000191e+01
3.441812000000000182e+01,5.375085390000000274e+01
3.450157000000000096e+01,5.461835220000000390e+01
3.458496999999999844e+01,5.421437640000000613e+01
3.466830999999999818e+01,5.467574069999999864e+01
3.475169999999999959e+01,5.469251580000000956e+01
3.483538000000000068e+01,5.455664730000000162e+01
3.491844000000000392e+01,5.497053119999999637e+01
3.500065999999999633e+01,5.467485780000000517e+01
0.000000000000000000e+00,9.864935999999999705e-01
7.889999999999999791e-02,1.133055000000000145e+00
1.685599999999999876e-01,1.050356700000000032e+00
2.520000000000000018e-01,1.092343500000000134e+00
3.348300000000000165e-01,1.533303000000000083e+00
4.176899999999999502e-01,1.447759800000000041e+00
5.015600000000000058e-01,1.740686400000000189e+00
5.854800000000000004e-01,1.861839900000000325e+00
6.684999999999999831e-01,1.889896499999999868e+00
7.514199999999999768e-01,1.945519200000000115e+00
8.353200000000000625e-01,2.181547800000000148e+00
9.184799999999999631e-01,1.712727900000000414e+00
1.001090000000000035e+00,2.255122800000000538e+00
1.084950000000000081e+00,2.126219400000000093e+00
1.168770000000000087e+00,2.419636500000000190e+00
1.251889999999999947e+00,2.449556999999999984e+00
1.335020000000000095e+00,2.337330600000000036e+00
1.418360000000000065e+00,2.280923099999999870e+00
1.501710000000000100e+00,2.506749300000000513e+00
1.584600000000000009e+00,2.605536000000000296e+00
1.668370000000000131e+00,2.985869699999999849e+00
1.751859999999999751e+00,2.580520499999999995e+00
1.835140000000000216e+00,3.155975100000000033e+00
1.918570000000000109e+00,3.055814999999999948e+00
2.002059999999999729e+00,3.160683900000000435e+00
2.084829999999999739e+00,3.299201100000000331e+00
2.167850000000000055e+00,3.477448800000000340e+00
2.251729999999999787e+00,3.580159500000000161e+00
2.335170000000000190e+00,3.829039199999999976e+00
2.418350000000000222e+00,3.890253599999999867e+00
2.501770000000000049e+00,3.874851900000000349e+00
2.585359999999999658e+00,4.221144899999999645e+00
2.668460000000000054e+00,4.275198000000000498e+00
2.751190000000000246e+00,4.063498199999999727e+00
2.834959999999999702e+00,4.345928100000000072e+00
2.918699999999999850e+00,4.700461500000000292e+00
3.001850000000000129e+00,4.623158700000000287e+00
3.085119999999999862e+00,5.096687400000000423e+00
3.168520000000000003e+00,5.067944100000000063e+00
3.251870000000000260e+00,5.112089100000001274e+00
3.334780000000000300e+00,5.051561399999999757e+00
3.418059999999999654e+00,5.626525500000000513e+00
3.501809999999999867e+00,5.427971100000001492e+00
3.585309999999999775e+00,5.426793899999999837e+00
3.668440000000000367e+00,5.675869800000000076e+00
3.751740000000000297e+00,5.279251500000000874e+00
3.835090000000000110e+00,5.781719700000000017e+00
3.918090000000000295e+00,6.000875100000000906e+00
4.001599999999999824e+00,5.934461399999999109e+00
4.085350000000000037e+00,5.808108600000000621e+00
4.168480000000000629e+00,5.931126000000000786e+00
4.251769999999999605e+00,6.226112699999999833e+00
4.335219999999999629e+00,6.639996600000000804e+00
4.418509999999999494e+00,6.433005600000000435e+00
4.501170000000000115e+00,6.828544800000000414e+00
4.584839999999999804e+00,6.784497899999999859e+00
4.668750000000000178e+00,6.960587399999999647e+00
4.751630000000000464e+00,6.944695199999999957e+00
4.834839999999999804e+00,7.290890100000000373e+00
4.918680000000000163e+00,6.942046500000000009e+00
5.001840000000000508e+00,7.568513100000000549e+00
5.084439999999999849e+00,7.492191300000000886e+00
5.168050000000000033e+00,7.860360600000000808e+00
5.252060000000000173e+00,7.974156600000000594e+00
5.335069999999999979e+00,8.206261200000000144e+00
5.418470000000000120e+00,8.165451600000000809e+00
5.502060000000000173e+00,8.099822700000002484e+00
5.585319999999999396e+00,8.386863299999999910e+00
5.668000000000000149e+00,8.405894700000001052e+00
5.751590000000000202e+00,8.562560400000000627e+00
5.835200000000000387e+00,8.848325700000000182e+00
5.918080000000000673e+00,9.058455900000000227e+00
6.001800000000000246e+00,9.403473600000001653e+00
6.085510000000000197e+00,9.283104899999999660e+00
6.168369999999999465e+00,9.321854399999999430e+00
6.251219999999999999e+00,9.723279600000001466e+00
6.335049999999999848e+00,9.382774500000000018e+00
6.418499999999999872e+00,9.624591000000000562e+00
6.501479999999999926e+00,9.535712400000001310e+00
6.585160000000001013e+00,9.763991100000000145e+00
6.668880000000000585e+00,9.857872800000000879e+00
6.751989999999999270e+00,9.734953499999999593e+00
6.834780000000000300e+00,9.873666899999999913e+00
6.918339999999999712e+00,1.021093470000000103e+01
7.001800000000000246e+00,1.079031329999999933e+01
7.084880000000000067e+00,1.030775940000000013e+01
7.168319999999999581e+00,1.055114550000000051e+01
7.251869999999999372e+00,1.115907120000000141e+01
7.335239999999999760e+00,1.068936839999999933e+01
7.418160000000000309e+00,1.067798879999999961e+01
7.501489999999999547e+00,1.140500790000000109e+01
7.584960000000000591e+00,1.163142269999999989e+01
7.668369999999999465e+00,1.144954530000000048e+01
7.751810000000000755e+00,1.183566690000000143e+01
7.835180000000000256e+00,1.179142379999999868e+01
7.918489999999999363e+00,1.206600569999999983e+01
8.001699999999999591e+00,1.221511770000000219e+01
8.085089999999999222e+00,1.250206020000000251e+01
8.168569999999998998e+00,1.254277170000000119e+01
8.251430000000000931e+00,1.279194570000000120e+01
8.335020000000000095e+00,1.302601229999999966e+01
8.418610000000001037e+00,1.307506230000000080e+01
8.501950000000000784e+00,1.299638610000000050e+01
8.584699999999999775e+00,1.314667529999999829e+01
8.668129999999999669e+00,1.359146070000000073e+01
8.751920000000000144e+00,1.374724350000000150e+01
8.834830000000000183e+00,1.405321739999999942e+01
8.918150000000000688e+00,1.385946990000000056e+01
9.001920000000000144e+00,1.420340850000000188e+01
9.085449999999999804e+00,1.399121820000000049e+01
9.168229999999999436e+00,1.427404049999999991e+01
9.251640000000000086e+00,1.420752870000000279e+01
9.335280000000000911e+00,1.423911690000000085e+01
9.418210000000000193e+00,1.491816510000000129e+01
9.501640000000000086e+00,1.451644560000000084e+01
9.585259999999999891e+00,1.516626000000000118e+01
9.668630000000000280e+00,1.474913880000000077e+01
9.751619999999999067e+00,1.519853490000000207e+01
9.835079999999999600e+00,1.549499310000000030e+01
9.918330000000000979e+00,1.523571480000000022e+01
1.000112000000000023e+01,1.580243849999999917e+01
1.008507999999999960e+01,1.574554050000000238e+01
1.016878999999999955e+01,1.602031859999999952e+01
1.025179999999999936e+01,1.583353620000000106e+01
1.033489999999999931e+01,1.575554670000000179e+01
1.041874999999999929e+01,1.595488590000000073e+01
1.050182000000000038e+01,1.597509450000000086e+01
1.058448999999999884e+01,1.651621409999999912e+01
1.066833000000000098e+01,1.643567400000000234e+01
1.075210000000000043e+01,1.688134230000000002e+01
1.083528000000000091e+01,1.732504859999999880e+01
1.091838000000000086e+01,1.712276640000000327e+01
1.100181000000000076e+01,1.740529440000000250e+01
1.108503999999999934e+01,1.748985659999999953e+01
1.116791000000000089e+01,1.817567370000000082e+01
1.125161000000000122e+01,1.796230620000000044e+01
1.133512999999999948e+01,1.802832749999999962e+01
1.141846000000000139e+01,1.846153709999999748e+01
1.150178999999999974e+01,1.849852080000000143e+01
1.158526999999999951e+01,1.836373140000000248e+01
1.166835999999999984e+01,1.863144630000000035e+01
1.175140000000000029e+01,1.877555520000000300e+01
1.183503999999999934e+01,1.855777320000000330e+01
1.191848000000000063e+01,1.908613979999999799e+01
1.200176000000000087e+01,1.931981400000000093e+01
1.208511000000000024e+01,1.940211990000000242e+01
1.216868000000000016e+01,1.915000290000000049e+01
1.225173999999999985e+01,1.918031579999999892e+01
1.233450000000000024e+01,1.950375150000000346e+01
1.241826000000000008e+01,2.004634260000000268e+01
1.250187999999999988e+01,1.963540170000000273e+01
1.258508999999999922e+01,1.996541009999999972e+01
1.266835000000000022e+01,1.993676490000000356e+01
1.275182000000000038e+01,2.012639220000000151e+01
1.283533000000000079e+01,1.994431859999999901e+01
1.291812000000000005e+01,2.067045479999999813e+01
1.300145999999999979e+01,2.070979290000000361e+01
1.308511999999999986e+01,2.081701620000000119e+01
1.316862999999999850e+01,2.079602279999999936e+01
1.325172000000000061e+01,2.088087930000000014e+01
1.333522000000000141e+01,2.141513190000000222e+01
1.341857999999999862e+01,2.143828350000000071e+01
1.350125000000000064e+01,2.132782290000000103e+01
1.358484999999999943e+01,2.146810590000000118e+01
1.366849000000000025e+01,2.159720550000000117e+01
1.375182000000000038e+01,2.177260830000000169e+01
1.383507000000000176e+01,2.204748450000000304e+01
1.391878999999999955e+01,2.208181950000000171e+01
1.400181000000000076e+01,2.214264150000000342e+01
1.408448999999999884e+01,2.213606880000000032e+01
1.416828999999999894e+01,2.247667200000000065e+01
1.425208999999999904e+01,2.293744769999999988e+01
1.433498999999999945e+01,2.267355870000000095e+01
1.441835999999999984e+01,2.267846370000000178e+01
1.450218999999999880e+01,2.262450869999999981e+01
1.458525000000000027e+01,2.295746009999999870e+01
1.466772999999999882e+01,2.314061280000000309e+01
1.475148999999999866e+01,2.336428079999999952e+01
1.483525000000000027e+01,2.325372209999999740e+01
1.491842999999999897e+01,2.310549300000000272e+01
1.500171000000000099e+01,2.338870770000000121e+01
1.508523999999999887e+01,2.356626870000000196e+01
1.516849999999999987e+01,2.354910120000000262e+01
1.525130000000000052e+01,2.358186660000000145e+01
1.533501000000000047e+01,2.386959390000000170e+01
1.541842999999999897e+01,2.372519070000000241e+01
1.550156000000000134e+01,2.395680480000000045e+01
1.558527000000000129e+01,2.386557179999999789e+01
1.566882000000000197e+01,2.439295740000000379e+01
1.575178999999999974e+01,2.419342200000000176e+01
1.583461000000000141e+01,2.464919460000000129e+01
1.591832000000000136e+01,2.462692590000000337e+01
1.600168999999999997e+01,2.484745470000000012e+01
1.608480000000000132e+01,2.479143960000000035e+01
1.616839999999999833e+01,2.506023360000000011e+01
1.625212000000000145e+01,2.509231230000000323e+01
1.633530000000000015e+01,2.547029159999999948e+01
1.641798999999999964e+01,2.511124560000000017e+01
1.650166000000000111e+01,2.570494679999999832e+01
1.658517000000000152e+01,2.572711740000000447e+01
1.666832999999999743e+01,2.590291260000000051e+01
1.675167000000000073e+01,2.594568420000000231e+01
1.683524999999999849e+01,2.607409709999999947e+01
1.691877999999999815e+01,2.628560070000000337e+01
1.700162999999999869e+01,2.636074529999999783e+01
1.708470000000000155e+01,2.613707730000000140e+01
1.716827999999999932e+01,2.660982120000000251e+01
1.725177000000000049e+01,2.678855940000000047e+01
1.733504999999999896e+01,2.654340750000000071e+01
1.741847999999999885e+01,2.664915930000000088e+01
1.750199999999999889e+01,2.709433710000000062e+01
1.758482000000000056e+01,2.688548220000000555e+01
1.766835999999999984e+01,2.707913160000000019e+01
1.775180999999999898e+01,2.706422040000000351e+01
1.783493999999999957e+01,2.708688150000000405e+01
1.791836999999999946e+01,2.726385390000000442e+01
1.800207999999999942e+01,2.754353700000000060e+01
1.808534999999999826e+01,2.759474520000000197e+01
1.816798000000000002e+01,2.793525030000000342e+01
1.825162999999999869e+01,2.751950250000000153e+01
1.833522999999999925e+01,2.816970930000000095e+01
1.841812999999999789e+01,2.817755730000000014e+01
1.850149000000000044e+01,2.843624699999999805e+01
1.858530999999999977e+01,2.846469600000000355e+01
1.866853000000000051e+01,2.860537140000000278e+01
1.875140000000000029e+01,2.887593120000000013e+01
1.883494999999999919e+01,2.887965900000000374e+01
1.891860000000000142e+01,2.889800370000000029e+01
1.900156000000000134e+01,2.942068050000000312e+01
1.908507999999999782e+01,2.948375880000000038e+01
1.916861000000000104e+01,2.977070129999999892e+01
1.925202000000000169e+01,2.964425040000000067e+01
1.933495999999999881e+01,2.984358960000000138e+01
1.941853000000000051e+01,2.964336750000000009e+01
1.950155000000000172e+01,2.998446120000000192e+01
1.958462999999999710e+01,3.004989390000000071e+01
1.966841000000000150e+01,3.019164840000000183e+01
1.975205000000000055e+01,3.027709349999999944e+01
1.983502999999999972e+01,3.051537840000000301e+01
1.991815000000000069e+01,3.079741590000000429e+01
2.000192000000000192e+01,3.063800340000000233e+01
2.008502999999999972e+01,3.096379350000000485e+01
2.016793999999999798e+01,3.116568330000000131e+01
2.025173999999999808e+01,3.078544770000000241e+01
2.033537000000000106e+01,3.159634229999999988e+01
2.041861000000000104e+01,3.113595900000000327e+01
2.050172999999999845e+01,3.119442659999999989e+01
2.058531999999999940e+01,3.150520740000000330e+01
2.066836999999999946e+01,3.168659429999999944e+01
2.075134999999999863e+01,3.196156859999999966e+01
2.083487999999999829e+01,3.238526250000000317e+01
2.091845999999999961e+01,3.206800710000000265e+01
2.100185000000000102e+01,3.245197050000000161e+01
2.108514999999999873e+01,3.278119410000000045e+01
2.116847999999999885e+01,3.277452330000000558e+01
2.125153999999999854e+01,3.277717200000000020e+01
2.133482000000000056e+01,3.315260069999999359e+01
2.141827999999999932e+01,3.311669609999999864e+01
2.150173999999999808e+01,3.313739520000000027e+01
2.158524999999999849e+01,3.359620890000000060e+01
2.166847999999999885e+01,3.329209890000000627e+01
2.175208999999999904e+01,3.386323709999999920e+01
2.183514999999999873e+01,3.393867600000000095e+01
2.191807000000000016e+01,3.417804000000000286e+01
2.200155000000000172e+01,3.426662430000000370e+01
2.208526000000000167e+01,3.462527790000000749e+01
2.216847000000000278e+01,3.455013330000000593e+01
2.225139000000000067e+01,3.452698170000000033e+01
2.233517000000000152e+01,3.466255590000000097e+01
2.241857999999999862e+01,3.502542780000000278e+01
2.250141999999999953e+01,3.498971940000000558e+01
2.258470000000000155e+01,3.501022230000000235e+01
2.266860000000000142e+01,3.502454490000000220e+01
2.275178999999999974e+01,3.548227950000000419e+01
2.283497000000000199e+01,3.518984340000000088e+01
2.291867000000000232e+01,3.573272880000000384e+01
2.300202999999999776e+01,3.533532569999999851e+01
2.308467000000000269e+01,3.603173759999999959e+01
2.316832999999999743e+01,3.592323900000000236e+01
2.325182999999999822e+01,3.608108190000000803e+01
2.333507999999999782e+01,3.600848790000000577e+01
2.341835000000000022e+01,3.601035180000000224e+01
2.350211000000000183e+01,3.630514230000000708e+01
2.358506000000000213e+01,3.670146630000000698e+01
2.366777000000000086e+01,3.676228830000000869e+01
2.375163999999999831e+01,3.695152319999999690e+01
2.383530000000000015e+01,3.729448080000000232e+01
2.391815000000000069e+01,3.734568900000000014e+01
2.400158000000000058e+01,3.714733080000000598e+01
2.408582000000000178e+01,3.755660400000000010e+01
2.416862000000000066e+01,3.751088940000000349e+01
2.425116000000000227e+01,3.765980520000000098e+01
2.433483999999999980e+01,3.770885520000000213e+01
2.441863000000000028e+01,3.782049300000000613e+01
2.450173999999999808e+01,3.829814190000000451e+01
2.458507999999999782e+01,3.811891320000000150e+01
2.466882999999999981e+01,3.872683890000000417e+01
2.475180999999999898e+01,3.884946390000000349e+01
2.483462000000000103e+01,3.855742020000000281e+01
2.491822000000000159e+01,3.895913970000000148e+01
2.500159999999999982e+01,3.897081359999999961e+01
2.508493999999999957e+01,3.906685350000000057e+01
2.516855999999999938e+01,3.914111520000000155e+01
2.525211000000000183e+01,3.894913350000000207e+01
2.533511999999999986e+01,3.902378759999999858e+01
2.541812000000000182e+01,3.992689619999999451e+01
2.550169999999999959e+01,3.990452940000000837e+01
2.558501000000000047e+01,3.935340360000000715e+01
2.566826999999999970e+01,3.962651400000000024e+01
2.575178000000000011e+01,3.997781010000000634e+01
2.583542000000000272e+01,3.997594619999999566e+01
2.591862000000000066e+01,4.003617959999999698e+01
2.600129000000000090e+01,4.014899459999999465e+01
2.608497000000000199e+01,3.991453560000000067e+01
2.616836999999999946e+01,4.044466800000000006e+01
2.625168000000000035e+01,4.036363740000000178e+01
2.633480000000000132e+01,4.067706689999999981e+01
2.641859000000000179e+01,4.120101900000000938e+01
2.650215999999999639e+01,4.090691519999999315e+01
2.658492999999999995e+01,4.118640210000000224e+01
2.666799999999999926e+01,4.123976850000000383e+01
2.675179000000000329e+01,4.119238620000000139e+01
2.683509000000000100e+01,4.134777660000000310e+01
2.691832000000000136e+01,4.167582300000000828e+01
2.700195000000000078e+01,4.172732549999999918e+01
2.708539999999999992e+01,4.163638680000001102e+01
2.716815999999999676e+01,4.215769019999999756e+01
2.725155999999999779e+01,4.232338109999999887e+01
2.733510000000000062e+01,4.239636749999999665e+01
2.741822000000000159e+01,4.242785760000000295e+01
2.750164000000000186e+01,4.267320570000000401e+01
2.758534000000000219e+01,4.253517899999999941e+01
2.766865999999999914e+01,4.251624569999999892e+01
2.775134000000000256e+01,4.329260909999999996e+01
2.783500000000000085e+01,4.328554590000000246e+01
2.791854999999999976e+01,4.328054279999999920e+01
2.800145999999999802e+01,4.357651050000000481e+01
2.808490999999999715e+01,4.382892180000000337e+01
2.816894000000000275e+01,4.357209600000000194e+01
2.825199999999999889e+01,4.365920880000000892e+01
2.833469000000000193e+01,4.364871209999999735e+01
2.841825999999999652e+01,4.431951990000000308e+01
2.850179999999999936e+01,4.390612649999999917e+01
2.858482000000000056e+01,4.373013509999999826e+01
2.866830999999999818e+01,4.412125980000000425e+01
2.875197999999999965e+01,4.415618340000000330e+01
2.883521999999999963e+01,4.431059280000000911e+01
2.891822999999999766e+01,4.451601420000000076e+01
2.900180999999999898e+01,4.446372690000000460e+01
2.908500999999999692e+01,4.492754370000000108e+01
2.916797000000000040e+01,4.488604740000000248e+01
2.925194000000000116e+01,4.521919499999999914e+01
2.933542999999999878e+01,4.539920850000000030e+01
2.941835999999999629e+01,4.526853930000000759e+01
2.950155999999999779e+01,4.558677569999999690e+01
2.958525999999999812e+01,4.587656309999999849e+01
2.966829000000000249e+01,4.628240279999999984e+01
2.975129000000000090e+01,4.621932450000000614e+01
2.983510999999999669e+01,4.632389909999999844e+01
2.991857999999999862e+01,4.675230180000000502e+01
3.000187000000000026e+01,4.663369889999999884e+01
3.008497000000000199e+01,4.694340060000000392e+01
3.016857999999999862e+01,4.673130840000001029e+01
3.025170999999999921e+01,4.683647160000000298e+01
3.033483000000000018e+01,4.704503220000000141e+01
3.041829999999999856e+01,4.697577359999999658e+01
3.050187000000000026e+01,4.729813020000000279e+01
3.058532999999999902e+01,4.755289590000000288e+01
3.066854000000000369e+01,4.743900180000000688e+01
3.075167000000000073e+01,4.759380360000000110e+01
3.083495999999999881e+01,4.786867980000000955e+01
3.091826999999999970e+01,4.828707630000000250e+01
3.100155999999999779e+01,4.813325550000000419e+01
3.108502999999999972e+01,4.841970750000000123e+01
3.116842000000000112e+01,4.853350350000000191e+01
3.125175999999999732e+01,4.817249549999999658e+01
3.133525999999999812e+01,4.848896609999999896e+01
3.141844000000000392e+01,4.869791910000000001e+01
3.150131999999999977e+01,4.891638780000000963e+01
3.158490999999999715e+01,4.849926659999999856e+01
3.166864999999999952e+01,4.968245070000000396e+01
3.175184000000000140e+01,4.925100690000000725e+01
3.183490000000000109e+01,4.946653260000000074e+01
3.191862000000000066e+01,4.990906169999999520e+01
3.200195999999999685e+01,5.003188289999999938e+01
3.208467999999999876e+01,5.011154009999999914e+01
3.216805000000000092e+01,5.016794759999999798e+01
3.225195999999999685e+01,5.018354550000000103e+01
3.233509000000000100e+01,5.033040119999999717e+01
3.241817999999999955e+01,5.025201930000000772e+01
3.250194000000000472e+01,5.109126480000001180e+01
3.258525000000000205e+01,5.062548600000000221e+01
3.266812999999999789e+01,5.161541309999999783e+01
3.275159000000000020e+01,5.109469830000000456e+01
3.283527000000000129e+01,5.115905190000000147e+01
3.291849000000000558e+01,5.113423260000000425e+01
3.300162000000000262e+01,5.170615560000000244e+01
3.308543000000000234e+01,5.194375380000001030e+01
3.316844000000000392e+01,5.145492149999999754e+01
3.325121000000000038e+01,5.191344090000000477e+01
3.333511000000000024e+01,5.236136550000000511e+01
3.341868000000000194e+01,5.217075719999999706e+01
3.350133999999999901e+01,5.220067769999999996e+01
3.358487000000000222e+01,5.237451090000000420e+01
3.366897999999999769e+01,5.250312000000000268e+01
3.375180000000000291e+01,5.246476290000000375e+01
3.383449000000000240e+01,5.364274770000000103e+01
3.391839000000000226e+01,5.280634710000000354e+01
3.400190999999999519e+01,5.308092899999999759e+01
3.408503999999999934e+01,5.347931309999999883e+01
3.416834999999999667e+01,5.324063579999999973e+01
3.425222000000000122e+01,5.339200410000000119e+01
3.433521999999999963e+01,5.332068540000000212e+01
3.441810000000000258e+01,5.385788099999999901e+01
3.450157000000000096e+01,5.413099140000000631e+01
3.458494999999999919e+01,5.399502480000000304e+01
3.466832000000000136e+01,5.424508170000000007e+01
3.475173000000000201e+01,5.448778110000000652e+01
3.483535999999999433e+01,5.464807650000000194e+01
3.491849000000000558e+01,5.451377760000000450e+01
3.500065000000000026e+01,5.447944260000000583e+01
